-- ============================================================
-- IMPORTAÇÃO DE DADOS - Sistema Celular
-- Gerado em: 2026-03-26 17:06
-- Execute no SQL Editor do Supabase
-- ============================================================

-- ------------------------------------------------------------
-- 1. CADASTRO DE APARELHOS (43 registros)
-- ------------------------------------------------------------

INSERT INTO cadastro_aparelhos (cod, marca, modelo, capacidade, cor) VALUES ('AP001', 'REALME', 'C85', '256GB', 'AZUL') ON CONFLICT (cod) DO NOTHING;
INSERT INTO cadastro_aparelhos (cod, marca, modelo, capacidade, cor) VALUES ('AP002', 'REALME', 'C85', '256GB', 'PRETO') ON CONFLICT (cod) DO NOTHING;
INSERT INTO cadastro_aparelhos (cod, marca, modelo, capacidade, cor) VALUES ('AP003', 'XIAOMI', '15T PRO', '512GB', 'CINZA') ON CONFLICT (cod) DO NOTHING;
INSERT INTO cadastro_aparelhos (cod, marca, modelo, capacidade, cor) VALUES ('AP004', 'POCO', 'X7 PRO', '256GB', 'PRETO') ON CONFLICT (cod) DO NOTHING;
INSERT INTO cadastro_aparelhos (cod, marca, modelo, capacidade, cor) VALUES ('AP005', 'REDMI', 'A5', '128GB', 'PRETO') ON CONFLICT (cod) DO NOTHING;
INSERT INTO cadastro_aparelhos (cod, marca, modelo, capacidade, cor) VALUES ('AP006', 'APPLE', '15 PRO MAX LACRADO', '256GB', 'PRETO') ON CONFLICT (cod) DO NOTHING;
INSERT INTO cadastro_aparelhos (cod, marca, modelo, capacidade, cor) VALUES ('AP007', 'XIAOMI', 'NOTE 15 PRO 5G', '256GB', 'PRETO') ON CONFLICT (cod) DO NOTHING;
INSERT INTO cadastro_aparelhos (cod, marca, modelo, capacidade, cor) VALUES ('AP008', 'REDMI', '15C', '256GB', 'PRETO') ON CONFLICT (cod) DO NOTHING;
INSERT INTO cadastro_aparelhos (cod, marca, modelo, capacidade, cor) VALUES ('AP009', 'REDMI', '15C', '256GB', 'AZUL') ON CONFLICT (cod) DO NOTHING;
INSERT INTO cadastro_aparelhos (cod, marca, modelo, capacidade, cor) VALUES ('AP010', 'REDMI', '15C', '256GB', 'VERDE') ON CONFLICT (cod) DO NOTHING;
INSERT INTO cadastro_aparelhos (cod, marca, modelo, capacidade, cor) VALUES ('AP011', 'XIAOMI', 'NOTE 15 PRO PLUS', '512GB', 'MARRON') ON CONFLICT (cod) DO NOTHING;
INSERT INTO cadastro_aparelhos (cod, marca, modelo, capacidade, cor) VALUES ('AP012', 'POCO', 'C85', '256GB', 'PRETO') ON CONFLICT (cod) DO NOTHING;
INSERT INTO cadastro_aparelhos (cod, marca, modelo, capacidade, cor) VALUES ('AP013', 'POCO', 'X7 PRO', '512GB', 'PRETO') ON CONFLICT (cod) DO NOTHING;
INSERT INTO cadastro_aparelhos (cod, marca, modelo, capacidade, cor) VALUES ('AP014', 'REDMI', 'TABLET REDMI PAD2', '256GB', 'PRETO') ON CONFLICT (cod) DO NOTHING;
INSERT INTO cadastro_aparelhos (cod, marca, modelo, capacidade, cor) VALUES ('AP015', 'XIAOMI', 'NOTE 15 PRO 4G', '256GB', 'AZUL') ON CONFLICT (cod) DO NOTHING;
INSERT INTO cadastro_aparelhos (cod, marca, modelo, capacidade, cor) VALUES ('AP016', 'REDMI', 'REDMI 15', '256GB', 'CINZA') ON CONFLICT (cod) DO NOTHING;
INSERT INTO cadastro_aparelhos (cod, marca, modelo, capacidade, cor) VALUES ('AP017', 'POCO', 'X7', '512GB', 'VERDE') ON CONFLICT (cod) DO NOTHING;
INSERT INTO cadastro_aparelhos (cod, marca, modelo, capacidade, cor) VALUES ('AP018', 'XIAOMI', 'NOTE 15 PRO', '512GB', 'PRETO') ON CONFLICT (cod) DO NOTHING;
INSERT INTO cadastro_aparelhos (cod, marca, modelo, capacidade, cor) VALUES ('AP019', 'POCO', 'F7', '512GB', 'SILVER') ON CONFLICT (cod) DO NOTHING;
INSERT INTO cadastro_aparelhos (cod, marca, modelo, capacidade, cor) VALUES ('AP020', 'APPLE', 'IPAD 9 SEMI NOVO', '64GB', 'SILVER') ON CONFLICT (cod) DO NOTHING;
INSERT INTO cadastro_aparelhos (cod, marca, modelo, capacidade, cor) VALUES ('AP021', 'XIAOMI', 'NOTE 14 PRO 4G', '256GB', 'PRETO') ON CONFLICT (cod) DO NOTHING;
INSERT INTO cadastro_aparelhos (cod, marca, modelo, capacidade, cor) VALUES ('AP022', 'APPLE', 'IPHONE 17', '256GB', 'BRANCO') ON CONFLICT (cod) DO NOTHING;
INSERT INTO cadastro_aparelhos (cod, marca, modelo, capacidade, cor) VALUES ('AP023', 'XIAOMI', 'NOTE 15', '256GB', 'PRETO') ON CONFLICT (cod) DO NOTHING;
INSERT INTO cadastro_aparelhos (cod, marca, modelo, capacidade, cor) VALUES ('AP024', 'XIAOMI', 'NOTE 14', '256GB', 'AZUL') ON CONFLICT (cod) DO NOTHING;
INSERT INTO cadastro_aparelhos (cod, marca, modelo, capacidade, cor) VALUES ('AP025', 'POCO', 'POCO X7 5G', '256GB', 'CINZA') ON CONFLICT (cod) DO NOTHING;
INSERT INTO cadastro_aparelhos (cod, marca, modelo, capacidade, cor) VALUES ('AP026', 'XIAOMI', 'NOTE 15 PRO 5G', '512GB', 'TITANIUN') ON CONFLICT (cod) DO NOTHING;
INSERT INTO cadastro_aparelhos (cod, marca, modelo, capacidade, cor) VALUES ('AP027', 'XIAOMI', 'REDMI PAD2', '256GB', 'VERDE') ON CONFLICT (cod) DO NOTHING;
INSERT INTO cadastro_aparelhos (cod, marca, modelo, capacidade, cor) VALUES ('AP028', 'REDMI', 'A5', '64GB', 'PRETO') ON CONFLICT (cod) DO NOTHING;
INSERT INTO cadastro_aparelhos (cod, marca, modelo, capacidade, cor) VALUES ('AP029', 'XIAOMI', 'NOTE 14', '256GB', 'PRETO') ON CONFLICT (cod) DO NOTHING;
INSERT INTO cadastro_aparelhos (cod, marca, modelo, capacidade, cor) VALUES ('AP030', 'REDMI', 'A5', '64GB', 'AZUL') ON CONFLICT (cod) DO NOTHING;
INSERT INTO cadastro_aparelhos (cod, marca, modelo, capacidade, cor) VALUES ('AP031', 'POCO', 'X7 PRO', '512GB', 'VERDE') ON CONFLICT (cod) DO NOTHING;
INSERT INTO cadastro_aparelhos (cod, marca, modelo, capacidade, cor) VALUES ('AP032', 'POCO', 'X7 PRO', '512GB', 'AMARELO') ON CONFLICT (cod) DO NOTHING;
INSERT INTO cadastro_aparelhos (cod, marca, modelo, capacidade, cor) VALUES ('AP033', 'APPLE', 'IPHONE 16', '256GB', 'BRANCO') ON CONFLICT (cod) DO NOTHING;
INSERT INTO cadastro_aparelhos (cod, marca, modelo, capacidade, cor) VALUES ('AP034', 'POCO', 'X7 PRO', '256GB', 'VERDE') ON CONFLICT (cod) DO NOTHING;
INSERT INTO cadastro_aparelhos (cod, marca, modelo, capacidade, cor) VALUES ('AP035', 'XIAOMI', 'NOTE 14 PRO 5G', '512GB', 'PRETO') ON CONFLICT (cod) DO NOTHING;
INSERT INTO cadastro_aparelhos (cod, marca, modelo, capacidade, cor) VALUES ('AP036', 'APPLE', '17 PRO MAX', '256GB', 'SILVER') ON CONFLICT (cod) DO NOTHING;
INSERT INTO cadastro_aparelhos (cod, marca, modelo, capacidade, cor) VALUES ('AP037', 'POCO', 'X7', '512GB', 'PRETO') ON CONFLICT (cod) DO NOTHING;
INSERT INTO cadastro_aparelhos (cod, marca, modelo, capacidade, cor) VALUES ('AP038', 'APPLE', '16 PRO MAX', '256GB', 'NATURAL') ON CONFLICT (cod) DO NOTHING;
INSERT INTO cadastro_aparelhos (cod, marca, modelo, capacidade, cor) VALUES ('AP039', 'XIAOMI', 'NOTE 15', '256GB', 'ROSA') ON CONFLICT (cod) DO NOTHING;
INSERT INTO cadastro_aparelhos (cod, marca, modelo, capacidade, cor) VALUES ('AP040', 'XIAOMI', 'NOTE 14 PRO 5G', '256GB', 'PRETO') ON CONFLICT (cod) DO NOTHING;
INSERT INTO cadastro_aparelhos (cod, marca, modelo, capacidade, cor) VALUES ('AP041', 'REALME', 'C75', '256GB', 'DOURADO') ON CONFLICT (cod) DO NOTHING;
INSERT INTO cadastro_aparelhos (cod, marca, modelo, capacidade, cor) VALUES ('AP042', 'XIAOMI', 'NOTE 15 PRO 5G', '256GB', 'TITANIUN') ON CONFLICT (cod) DO NOTHING;
INSERT INTO cadastro_aparelhos (cod, marca, modelo, capacidade, cor) VALUES ('AP043', 'APPLE', '12 PRO', '128GB', 'PRETO') ON CONFLICT (cod) DO NOTHING;

-- ------------------------------------------------------------
-- 2. ESTOQUE DE APARELHOS (83 registros)
-- Itens vendidos marcados como status = 'vendido'
-- ------------------------------------------------------------

INSERT INTO estoque_aparelhos (cod, marca, modelo, capacidade, cor, custo, data_aquisicao, status) VALUES ('AP001-001', 'REALME', 'C85', '256GB', 'AZUL', 1110.0, '2026-03-01', 'disponivel') ON CONFLICT (cod) DO NOTHING;
INSERT INTO estoque_aparelhos (cod, marca, modelo, capacidade, cor, custo, data_aquisicao, status) VALUES ('AP002-001', 'REALME', 'C85', '256GB', 'PRETO', 1110.0, '2026-03-01', 'disponivel') ON CONFLICT (cod) DO NOTHING;
INSERT INTO estoque_aparelhos (cod, marca, modelo, capacidade, cor, custo, data_aquisicao, status) VALUES ('AP003-001', 'XIAOMI', '15T PRO', '512GB', 'CINZA', 4280.0, '2026-03-01', 'disponivel') ON CONFLICT (cod) DO NOTHING;
INSERT INTO estoque_aparelhos (cod, marca, modelo, capacidade, cor, custo, data_aquisicao, status) VALUES ('AP004-001', 'POCO', 'X7 PRO', '256GB', 'PRETO', 1747.0, '2026-03-01', 'disponivel') ON CONFLICT (cod) DO NOTHING;
INSERT INTO estoque_aparelhos (cod, marca, modelo, capacidade, cor, custo, data_aquisicao, status) VALUES ('AP004-002', 'POCO', 'X7 PRO', '256GB', 'PRETO', 1747.0, '2026-03-01', 'disponivel') ON CONFLICT (cod) DO NOTHING;
INSERT INTO estoque_aparelhos (cod, marca, modelo, capacidade, cor, custo, data_aquisicao, status) VALUES ('AP005-001', 'REDMI', 'A5', '128GB', 'PRETO', 565.0, '2026-03-01', 'disponivel') ON CONFLICT (cod) DO NOTHING;
INSERT INTO estoque_aparelhos (cod, marca, modelo, capacidade, cor, custo, data_aquisicao, status) VALUES ('AP006-001', 'APPLE', '15 PRO MAX LACRADO', '256GB', 'PRETO', 5300.0, '2026-03-02', 'disponivel') ON CONFLICT (cod) DO NOTHING;
INSERT INTO estoque_aparelhos (cod, marca, modelo, capacidade, cor, custo, data_aquisicao, status) VALUES ('AP008-001', 'REDMI', '15C', '256GB', 'PRETO', 750.0, '2026-03-02', 'disponivel') ON CONFLICT (cod) DO NOTHING;
INSERT INTO estoque_aparelhos (cod, marca, modelo, capacidade, cor, custo, data_aquisicao, status) VALUES ('AP008-002', 'REDMI', '15C', '256GB', 'PRETO', 750.0, '2026-03-02', 'disponivel') ON CONFLICT (cod) DO NOTHING;
INSERT INTO estoque_aparelhos (cod, marca, modelo, capacidade, cor, custo, data_aquisicao, status) VALUES ('AP009-001', 'REDMI', '15C', '256GB', 'AZUL', 750.0, '2026-03-02', 'disponivel') ON CONFLICT (cod) DO NOTHING;
INSERT INTO estoque_aparelhos (cod, marca, modelo, capacidade, cor, custo, data_aquisicao, status) VALUES ('AP010-001', 'REDMI', '15C', '256GB', 'VERDE', 750.0, '2026-03-02', 'disponivel') ON CONFLICT (cod) DO NOTHING;
INSERT INTO estoque_aparelhos (cod, marca, modelo, capacidade, cor, custo, data_aquisicao, status) VALUES ('AP011-001', 'XIAOMI', 'NOTE 15 PRO PLUS', '512GB', 'MARRON', 2490.0, '2026-03-02', 'disponivel') ON CONFLICT (cod) DO NOTHING;
INSERT INTO estoque_aparelhos (cod, marca, modelo, capacidade, cor, custo, data_aquisicao, status) VALUES ('AP012-001', 'POCO', 'C85', '256GB', 'PRETO', 820.0, '2026-03-02', 'disponivel') ON CONFLICT (cod) DO NOTHING;
INSERT INTO estoque_aparelhos (cod, marca, modelo, capacidade, cor, custo, data_aquisicao, status) VALUES ('AP013-001', 'POCO', 'X7 PRO', '512GB', 'PRETO', 2170.0, '2026-03-02', 'disponivel') ON CONFLICT (cod) DO NOTHING;
INSERT INTO estoque_aparelhos (cod, marca, modelo, capacidade, cor, custo, data_aquisicao, status) VALUES ('AP014-001', 'REDMI', 'TABLET REDMI PAD2', '256GB', 'PRETO', 1220.0, '2026-03-02', 'disponivel') ON CONFLICT (cod) DO NOTHING;
INSERT INTO estoque_aparelhos (cod, marca, modelo, capacidade, cor, custo, data_aquisicao, status) VALUES ('AP015-001', 'XIAOMI', 'NOTE 15 PRO', '256GB', 'AZUL', 1699.0, '2026-03-03', 'disponivel') ON CONFLICT (cod) DO NOTHING;
INSERT INTO estoque_aparelhos (cod, marca, modelo, capacidade, cor, custo, data_aquisicao, status) VALUES ('AP017-001', 'POCO', 'X7', '512GB', 'VERDE', 1599.0, '2026-03-03', 'disponivel') ON CONFLICT (cod) DO NOTHING;
INSERT INTO estoque_aparelhos (cod, marca, modelo, capacidade, cor, custo, data_aquisicao, status) VALUES ('AP013-002', 'POCO', 'X7 PRO', '512GB', 'PRETO', 2200.0, '2026-03-03', 'disponivel') ON CONFLICT (cod) DO NOTHING;
INSERT INTO estoque_aparelhos (cod, marca, modelo, capacidade, cor, custo, data_aquisicao, status) VALUES ('AP007-002', 'XIAOMI', 'NOTE 15 PRO 5G', '256GB', 'PRETO', 1770.0, '2026-03-03', 'disponivel') ON CONFLICT (cod) DO NOTHING;
INSERT INTO estoque_aparelhos (cod, marca, modelo, capacidade, cor, custo, data_aquisicao, status) VALUES ('AP018-001', 'XIAOMI', 'NOTE 15 PRO 5G', '512GB', 'PRETO', 1830.0, '2026-03-03', 'disponivel') ON CONFLICT (cod) DO NOTHING;
INSERT INTO estoque_aparelhos (cod, marca, modelo, capacidade, cor, custo, data_aquisicao, status) VALUES ('AP019-001', 'POCO', 'F7', '512GB', 'SILVER', 2790.0, '2026-03-04', 'disponivel') ON CONFLICT (cod) DO NOTHING;
INSERT INTO estoque_aparelhos (cod, marca, modelo, capacidade, cor, custo, data_aquisicao, status) VALUES ('AP018-002', 'XIAOMI', 'NOTE 15 PRO', '512GB', 'PRETO', 1830.0, '2026-03-04', 'disponivel') ON CONFLICT (cod) DO NOTHING;
INSERT INTO estoque_aparelhos (cod, marca, modelo, capacidade, cor, custo, data_aquisicao, status) VALUES ('AP013-003', 'POCO', 'X7 PRO', '512GB', 'PRETO', 2190.0, '2026-03-04', 'disponivel') ON CONFLICT (cod) DO NOTHING;
INSERT INTO estoque_aparelhos (cod, marca, modelo, capacidade, cor, custo, data_aquisicao, status) VALUES ('AP013-004', 'POCO', 'X7 PRO', '512GB', 'PRETO', 2190.0, '2026-03-04', 'disponivel') ON CONFLICT (cod) DO NOTHING;
INSERT INTO estoque_aparelhos (cod, marca, modelo, capacidade, cor, custo, data_aquisicao, status) VALUES ('AP014-002', 'REDMI', 'TABLET REDMI PAD2', '256GB', 'PRETO', 1220.0, '2026-03-04', 'disponivel') ON CONFLICT (cod) DO NOTHING;
INSERT INTO estoque_aparelhos (cod, marca, modelo, capacidade, cor, custo, data_aquisicao, status) VALUES ('AP020-001', 'APPLE', 'IPAD 9 SEMI NOVO', '64GB', 'SILVER', 1350.0, '2026-03-04', 'disponivel') ON CONFLICT (cod) DO NOTHING;
INSERT INTO estoque_aparelhos (cod, marca, modelo, capacidade, cor, custo, data_aquisicao, status) VALUES ('AP014-003', 'REDMI', 'TABLET REDMI PAD2', '256GB', 'PRETO', 1220.0, '2026-03-05', 'disponivel') ON CONFLICT (cod) DO NOTHING;
INSERT INTO estoque_aparelhos (cod, marca, modelo, capacidade, cor, custo, data_aquisicao, status) VALUES ('AP014-004', 'REDMI', 'TABLET REDMI PAD2', '256GB', 'PRETO', 1220.0, '2026-03-06', 'disponivel') ON CONFLICT (cod) DO NOTHING;
INSERT INTO estoque_aparelhos (cod, marca, modelo, capacidade, cor, custo, data_aquisicao, status) VALUES ('AP021-001', 'XIAOMI', 'NOTE 14 PRO 4G', '256GB', 'PRETO', 1380.0, '2026-03-06', 'disponivel') ON CONFLICT (cod) DO NOTHING;
INSERT INTO estoque_aparelhos (cod, marca, modelo, capacidade, cor, custo, data_aquisicao, status) VALUES ('AP006-002', 'APPLE', '15 PRO MAX LACRADO', '256GB', 'PRETO', 5300.0, '2026-03-07', 'disponivel') ON CONFLICT (cod) DO NOTHING;
INSERT INTO estoque_aparelhos (cod, marca, modelo, capacidade, cor, custo, data_aquisicao, status) VALUES ('AP022-001', 'APPLE', 'IPHONE 17', '256GB', 'BRANCO', 5450.0, '2026-03-07', 'disponivel') ON CONFLICT (cod) DO NOTHING;
INSERT INTO estoque_aparelhos (cod, marca, modelo, capacidade, cor, custo, data_aquisicao, status) VALUES ('AP016-002', 'REDMI', 'REDMI 15', '256GB', 'CINZA', 890.0, '2026-03-07', 'disponivel') ON CONFLICT (cod) DO NOTHING;
INSERT INTO estoque_aparelhos (cod, marca, modelo, capacidade, cor, custo, data_aquisicao, status) VALUES ('AP023-001', 'XIAOMI', 'NOTE 15', '256GB', 'PRETO', 1145.0, '2026-03-07', 'disponivel') ON CONFLICT (cod) DO NOTHING;
INSERT INTO estoque_aparelhos (cod, marca, modelo, capacidade, cor, custo, data_aquisicao, status) VALUES ('AP024-001', 'XIAOMI', 'NOTE 14', '256GB', 'AZUL', 975.0, '2026-03-07', 'disponivel') ON CONFLICT (cod) DO NOTHING;
INSERT INTO estoque_aparelhos (cod, marca, modelo, capacidade, cor, custo, data_aquisicao, status) VALUES ('AP014-005', 'REDMI', 'TABLET REDMI PAD2', '256GB', 'PRETO', 1220.0, '2026-03-07', 'disponivel') ON CONFLICT (cod) DO NOTHING;
INSERT INTO estoque_aparelhos (cod, marca, modelo, capacidade, cor, custo, data_aquisicao, status) VALUES ('AP025-001', 'POCO', 'POCO X7 5G', '256GB', 'CINZA', 1679.0, '2026-03-07', 'disponivel') ON CONFLICT (cod) DO NOTHING;
INSERT INTO estoque_aparelhos (cod, marca, modelo, capacidade, cor, custo, data_aquisicao, status) VALUES ('AP016-003', 'REDMI', 'REDMI 15', '256GB', 'CINZA', 920.0, '2026-03-07', 'disponivel') ON CONFLICT (cod) DO NOTHING;
INSERT INTO estoque_aparelhos (cod, marca, modelo, capacidade, cor, custo, data_aquisicao, status) VALUES ('AP026-001', 'XIAOMI', 'NOTE 15 PRO 5G', '512GB', 'TITANIUN', 1835.0, '2026-03-08', 'disponivel') ON CONFLICT (cod) DO NOTHING;
INSERT INTO estoque_aparelhos (cod, marca, modelo, capacidade, cor, custo, data_aquisicao, status) VALUES ('AP002-002', 'REALME', 'C85', '256GB', 'PRETO', 1170.0, '2026-03-08', 'disponivel') ON CONFLICT (cod) DO NOTHING;
INSERT INTO estoque_aparelhos (cod, marca, modelo, capacidade, cor, custo, data_aquisicao, status) VALUES ('AP001-002', 'REALME', 'C85', '256GB', 'AZUL', 1170.0, '2026-03-08', 'disponivel') ON CONFLICT (cod) DO NOTHING;
INSERT INTO estoque_aparelhos (cod, marca, modelo, capacidade, cor, custo, data_aquisicao, status) VALUES ('AP027-001', 'XIAOMI', 'REDMI PAD2', '256GB', 'VERDE', 1205.0, '2026-03-08', 'disponivel') ON CONFLICT (cod) DO NOTHING;
INSERT INTO estoque_aparelhos (cod, marca, modelo, capacidade, cor, custo, data_aquisicao, status) VALUES ('AP027-002', 'XIAOMI', 'REDMI PAD2', '256GB', 'VERDE', 1205.0, '2026-03-08', 'disponivel') ON CONFLICT (cod) DO NOTHING;
INSERT INTO estoque_aparelhos (cod, marca, modelo, capacidade, cor, custo, data_aquisicao, status) VALUES ('AP028-001', 'REDMI', 'A5', '64GB', 'PRETO', 475.0, '2026-03-08', 'disponivel') ON CONFLICT (cod) DO NOTHING;
INSERT INTO estoque_aparelhos (cod, marca, modelo, capacidade, cor, custo, data_aquisicao, status) VALUES ('AP028-002', 'REDMI', 'A5', '64GB', 'PRETO', 475.0, '2026-03-09', 'disponivel') ON CONFLICT (cod) DO NOTHING;
INSERT INTO estoque_aparelhos (cod, marca, modelo, capacidade, cor, custo, data_aquisicao, status) VALUES ('AP029-001', 'XIAOMI', 'NOTE 14', '256GB', 'PRETO', 983.0, '2026-03-09', 'disponivel') ON CONFLICT (cod) DO NOTHING;
INSERT INTO estoque_aparelhos (cod, marca, modelo, capacidade, cor, custo, data_aquisicao, status) VALUES ('AP029-002', 'XIAOMI', 'NOTE 14', '256GB', 'PRETO', 983.0, '2026-03-09', 'disponivel') ON CONFLICT (cod) DO NOTHING;
INSERT INTO estoque_aparelhos (cod, marca, modelo, capacidade, cor, custo, data_aquisicao, status) VALUES ('AP023-002', 'XIAOMI', 'NOTE 15', '256GB', 'PRETO', 1140.0, '2026-03-09', 'disponivel') ON CONFLICT (cod) DO NOTHING;
INSERT INTO estoque_aparelhos (cod, marca, modelo, capacidade, cor, custo, data_aquisicao, status) VALUES ('AP024-002', 'XIAOMI', 'NOTE 14', '256GB', 'AZUL', 975.0, '2026-03-09', 'disponivel') ON CONFLICT (cod) DO NOTHING;
INSERT INTO estoque_aparelhos (cod, marca, modelo, capacidade, cor, custo, data_aquisicao, status) VALUES ('AP014-006', 'REDMI', 'TABLET REDMI PAD2', '256GB', 'PRETO', 1220.0, '2026-03-09', 'disponivel') ON CONFLICT (cod) DO NOTHING;
INSERT INTO estoque_aparelhos (cod, marca, modelo, capacidade, cor, custo, data_aquisicao, status) VALUES ('AP030-001', 'REDMI', 'A5', '64GB', 'AZUL', 475.0, '2026-03-09', 'disponivel') ON CONFLICT (cod) DO NOTHING;
INSERT INTO estoque_aparelhos (cod, marca, modelo, capacidade, cor, custo, data_aquisicao, status) VALUES ('AP011-002', 'XIAOMI', 'NOTE 15 PRO PLUS', '512GB', 'MARRON', 2550.0, '2026-03-10', 'disponivel') ON CONFLICT (cod) DO NOTHING;
INSERT INTO estoque_aparelhos (cod, marca, modelo, capacidade, cor, custo, data_aquisicao, status) VALUES ('AP031-001', 'POCO', 'X7 PRO', '512GB', 'VERDE', 2215.0, '2026-03-10', 'disponivel') ON CONFLICT (cod) DO NOTHING;
INSERT INTO estoque_aparelhos (cod, marca, modelo, capacidade, cor, custo, data_aquisicao, status) VALUES ('AP031-002', 'POCO', 'X7 PRO', '512GB', 'VERDE', 2215.0, '2026-03-10', 'disponivel') ON CONFLICT (cod) DO NOTHING;
INSERT INTO estoque_aparelhos (cod, marca, modelo, capacidade, cor, custo, data_aquisicao, status) VALUES ('AP029-003', 'XIAOMI', 'NOTE 14', '256GB', 'PRETO', 975.0, '2026-03-10', 'disponivel') ON CONFLICT (cod) DO NOTHING;
INSERT INTO estoque_aparelhos (cod, marca, modelo, capacidade, cor, custo, data_aquisicao, status) VALUES ('AP032-001', 'POCO', 'X7 PRO', '512GB', 'AMARELO', 2280.0, '2026-03-10', 'disponivel') ON CONFLICT (cod) DO NOTHING;
INSERT INTO estoque_aparelhos (cod, marca, modelo, capacidade, cor, custo, data_aquisicao, status) VALUES ('AP033-001', 'APPLE', 'IPHONE 16', '256GB', 'BRANCO', 4900.0, '2026-03-10', 'disponivel') ON CONFLICT (cod) DO NOTHING;
INSERT INTO estoque_aparelhos (cod, marca, modelo, capacidade, cor, custo, data_aquisicao, status) VALUES ('AP011-003', 'XIAOMI', 'NOTE 15 PRO PLUS', '512GB', 'MARRON', 2450.0, '2026-03-11', 'disponivel') ON CONFLICT (cod) DO NOTHING;
INSERT INTO estoque_aparelhos (cod, marca, modelo, capacidade, cor, custo, data_aquisicao, status) VALUES ('AP011-004', 'XIAOMI', 'NOTE 15 PRO PLUS', '512GB', 'MARRON', 2450.0, '2026-03-11', 'disponivel') ON CONFLICT (cod) DO NOTHING;
INSERT INTO estoque_aparelhos (cod, marca, modelo, capacidade, cor, custo, data_aquisicao, status) VALUES ('AP027-003', 'XIAOMI', 'REDMI PAD2', '256GB', 'VERDE', 1220.0, '2026-03-11', 'disponivel') ON CONFLICT (cod) DO NOTHING;
INSERT INTO estoque_aparelhos (cod, marca, modelo, capacidade, cor, custo, data_aquisicao, status) VALUES ('AP027-004', 'XIAOMI', 'REDMI PAD2', '256GB', 'VERDE', 1220.0, '2026-03-11', 'disponivel') ON CONFLICT (cod) DO NOTHING;
INSERT INTO estoque_aparelhos (cod, marca, modelo, capacidade, cor, custo, data_aquisicao, status) VALUES ('AP027-005', 'XIAOMI', 'REDMI PAD2', '256GB', 'VERDE', 1220.0, '2026-03-11', 'disponivel') ON CONFLICT (cod) DO NOTHING;
INSERT INTO estoque_aparelhos (cod, marca, modelo, capacidade, cor, custo, data_aquisicao, status) VALUES ('AP007-003', 'XIAOMI', 'NOTE 15 PRO 5G', '256GB', 'PRETO', 1880.0, '2026-03-11', 'disponivel') ON CONFLICT (cod) DO NOTHING;
INSERT INTO estoque_aparelhos (cod, marca, modelo, capacidade, cor, custo, data_aquisicao, status) VALUES ('AP024-003', 'XIAOMI', 'NOTE 14', '256GB', 'AZUL', 975.0, '2026-03-11', 'disponivel') ON CONFLICT (cod) DO NOTHING;
INSERT INTO estoque_aparelhos (cod, marca, modelo, capacidade, cor, custo, data_aquisicao, status) VALUES ('AP032-002', 'POCO', 'X7 PRO', '512GB', 'AMARELO', 2280.0, '2026-03-11', 'disponivel') ON CONFLICT (cod) DO NOTHING;
INSERT INTO estoque_aparelhos (cod, marca, modelo, capacidade, cor, custo, data_aquisicao, status) VALUES ('AP032-003', 'POCO', 'X7 PRO', '512GB', 'AMARELO', 2280.0, '2026-03-11', 'disponivel') ON CONFLICT (cod) DO NOTHING;
INSERT INTO estoque_aparelhos (cod, marca, modelo, capacidade, cor, custo, data_aquisicao, status) VALUES ('AP031-003', 'POCO', 'X7 PRO', '512GB', 'VERDE', 2220.0, '2026-03-11', 'disponivel') ON CONFLICT (cod) DO NOTHING;
INSERT INTO estoque_aparelhos (cod, marca, modelo, capacidade, cor, custo, data_aquisicao, status) VALUES ('AP013-005', 'POCO', 'X7 PRO', '512GB', 'PRETO', 2234.0, '2026-03-11', 'disponivel') ON CONFLICT (cod) DO NOTHING;
INSERT INTO estoque_aparelhos (cod, marca, modelo, capacidade, cor, custo, data_aquisicao, status) VALUES ('AP013-006', 'POCO', 'X7 PRO', '512GB', 'PRETO', 2234.0, '2026-03-11', 'disponivel') ON CONFLICT (cod) DO NOTHING;
INSERT INTO estoque_aparelhos (cod, marca, modelo, capacidade, cor, custo, data_aquisicao, status) VALUES ('AP034-001', 'POCO', 'X7 PRO', '256GB', 'VERDE', 1900.0, '2026-03-11', 'disponivel') ON CONFLICT (cod) DO NOTHING;
INSERT INTO estoque_aparelhos (cod, marca, modelo, capacidade, cor, custo, data_aquisicao, status) VALUES ('AP036-001', 'APPLE', '17 PRO MAX', '256GB', 'SILVER', 8300.0, '2026-03-11', 'disponivel') ON CONFLICT (cod) DO NOTHING;
INSERT INTO estoque_aparelhos (cod, marca, modelo, capacidade, cor, custo, data_aquisicao, status) VALUES ('AP038-001', 'APPLE', '16 PRO MAX', '256GB', 'NATURAL', 6300.0, '2026-03-12', 'vendido') ON CONFLICT (cod) DO NOTHING;
INSERT INTO estoque_aparelhos (cod, marca, modelo, capacidade, cor, custo, data_aquisicao, status) VALUES ('AP024-004', 'XIAOMI', 'NOTE 14', '256GB', 'AZUL', 983.0, '2026-03-12', 'disponivel') ON CONFLICT (cod) DO NOTHING;
INSERT INTO estoque_aparelhos (cod, marca, modelo, capacidade, cor, custo, data_aquisicao, status) VALUES ('AP024-005', 'XIAOMI', 'NOTE 14', '256GB', 'AZUL', 983.0, '2026-03-12', 'disponivel') ON CONFLICT (cod) DO NOTHING;
INSERT INTO estoque_aparelhos (cod, marca, modelo, capacidade, cor, custo, data_aquisicao, status) VALUES ('AP029-004', 'XIAOMI', 'NOTE 14', '256GB', 'PRETO', 990.0, '2026-03-13', 'disponivel') ON CONFLICT (cod) DO NOTHING;
INSERT INTO estoque_aparelhos (cod, marca, modelo, capacidade, cor, custo, data_aquisicao, status) VALUES ('AP039-001', 'XIAOMI', 'NOTE 15', '256GB', 'ROSA', 1150.0, '2026-03-13', 'disponivel') ON CONFLICT (cod) DO NOTHING;
INSERT INTO estoque_aparelhos (cod, marca, modelo, capacidade, cor, custo, data_aquisicao, status) VALUES ('AP026-002', 'XIAOMI', 'NOTE 15 PRO 5G', '512GB', 'TITANIUN', 1790.0, '2026-03-14', 'disponivel') ON CONFLICT (cod) DO NOTHING;
INSERT INTO estoque_aparelhos (cod, marca, modelo, capacidade, cor, custo, data_aquisicao, status) VALUES ('AP026-003', 'XIAOMI', 'NOTE 15 PRO 5G', '512GB', 'TITANIUN', 1790.0, '2026-03-14', 'disponivel') ON CONFLICT (cod) DO NOTHING;
INSERT INTO estoque_aparelhos (cod, marca, modelo, capacidade, cor, custo, data_aquisicao, status) VALUES ('AP040-001', 'XIAOMI', 'NOTE 14 PRO 5G', '256GB', 'PRETO', 1525.0, '2026-03-14', 'disponivel') ON CONFLICT (cod) DO NOTHING;
INSERT INTO estoque_aparelhos (cod, marca, modelo, capacidade, cor, custo, data_aquisicao, status) VALUES ('AP011-005', 'XIAOMI', 'NOTE 15 PRO PLUS', '512GB', 'MARRON', 2410.0, '2026-03-14', 'disponivel') ON CONFLICT (cod) DO NOTHING;
INSERT INTO estoque_aparelhos (cod, marca, modelo, capacidade, cor, custo, data_aquisicao, status) VALUES ('AP011-006', 'XIAOMI', 'NOTE 15 PRO PLUS', '512GB', 'MARRON', 2410.0, '2026-03-14', 'disponivel') ON CONFLICT (cod) DO NOTHING;
INSERT INTO estoque_aparelhos (cod, marca, modelo, capacidade, cor, custo, data_aquisicao, status) VALUES ('AP041-001', 'REALME', 'C75', '256GB', 'DOURADO', 1070.0, '2026-03-14', 'disponivel') ON CONFLICT (cod) DO NOTHING;
INSERT INTO estoque_aparelhos (cod, marca, modelo, capacidade, cor, custo, data_aquisicao, status) VALUES ('AP042-001', 'XIAOMI', 'NOTE 15 PRO 5G', '256GB', 'TITANIUN', 1749.0, '2026-03-14', 'disponivel') ON CONFLICT (cod) DO NOTHING;
INSERT INTO estoque_aparelhos (cod, marca, modelo, capacidade, cor, custo, data_aquisicao, status) VALUES ('AP043-001', 'APPLE', '12 PRO', '128GB', 'PRETO', 1000.0, '2026-03-24', 'disponivel') ON CONFLICT (cod) DO NOTHING;

-- ------------------------------------------------------------
-- 3. CADASTRO DE ACESSÓRIOS (109 registros)
-- ------------------------------------------------------------

INSERT INTO cadastro_acessorios (cod, tipo, descricao) VALUES ('AC001', 'Carregador', 'CARREGADOR PRIMEIRA LINHA TIPO C') ON CONFLICT (cod) DO NOTHING;
INSERT INTO cadastro_acessorios (cod, tipo, descricao) VALUES ('AC002', 'Carregador', 'CARREGADOR PRIMEIRA LINHA TIPO LIGHT') ON CONFLICT (cod) DO NOTHING;
INSERT INTO cadastro_acessorios (cod, tipo, descricao) VALUES ('AC003', 'Carregador', 'CARREGADOR PRIMEIRA LINHA MODELO V8') ON CONFLICT (cod) DO NOTHING;
INSERT INTO cadastro_acessorios (cod, tipo, descricao) VALUES ('AC004', 'Carregador', 'FONTE 25W PREMIUM') ON CONFLICT (cod) DO NOTHING;
INSERT INTO cadastro_acessorios (cod, tipo, descricao) VALUES ('AC005', 'Cabo', 'CABO 1M USB/TIPO C') ON CONFLICT (cod) DO NOTHING;
INSERT INTO cadastro_acessorios (cod, tipo, descricao) VALUES ('AC006', 'Cabo', 'CABO 1M USB/LIGHT') ON CONFLICT (cod) DO NOTHING;
INSERT INTO cadastro_acessorios (cod, tipo, descricao) VALUES ('AC007', 'Cabo', 'CABO 1M TIPO C/ LIGHT') ON CONFLICT (cod) DO NOTHING;
INSERT INTO cadastro_acessorios (cod, tipo, descricao) VALUES ('AC008', 'Cabo', 'CABO 1M TIPO C/ TIPO C') ON CONFLICT (cod) DO NOTHING;
INSERT INTO cadastro_acessorios (cod, tipo, descricao) VALUES ('AC009', 'Suporte Veicular', 'SUPORTE VEICULAR P/ CELULAR') ON CONFLICT (cod) DO NOTHING;
INSERT INTO cadastro_acessorios (cod, tipo, descricao) VALUES ('AC010', 'Outro', 'ADAPTADOR JACK') ON CONFLICT (cod) DO NOTHING;
INSERT INTO cadastro_acessorios (cod, tipo, descricao) VALUES ('AC011', 'Fone Bluetooth', 'FONE KAIDI KD767 BLUETOOTH') ON CONFLICT (cod) DO NOTHING;
INSERT INTO cadastro_acessorios (cod, tipo, descricao) VALUES ('AC012', 'Fone Bluetooth', 'FONE BUDS 3 LITE BLUETOOTH') ON CONFLICT (cod) DO NOTHING;
INSERT INTO cadastro_acessorios (cod, tipo, descricao) VALUES ('AC013', 'Fone Bluetooth', 'FONE BUDS 4 LITE BLUETOOTH') ON CONFLICT (cod) DO NOTHING;
INSERT INTO cadastro_acessorios (cod, tipo, descricao) VALUES ('AC014', 'Outro', 'MICROFONE SEM FIO KAIDI TIPO C') ON CONFLICT (cod) DO NOTHING;
INSERT INTO cadastro_acessorios (cod, tipo, descricao) VALUES ('AC015', 'Outro', 'MICROFONE SEM FIO KAIDI LIGHT') ON CONFLICT (cod) DO NOTHING;
INSERT INTO cadastro_acessorios (cod, tipo, descricao) VALUES ('AC016', 'Power Bank', 'POWER BANK 20.000 MAH ORIGINAL XIAOMI') ON CONFLICT (cod) DO NOTHING;
INSERT INTO cadastro_acessorios (cod, tipo, descricao) VALUES ('AC017', 'Fone Bluetooth', 'FONE BLUETOOTH HAYLOU 530') ON CONFLICT (cod) DO NOTHING;
INSERT INTO cadastro_acessorios (cod, tipo, descricao) VALUES ('AC018', 'Fone com fio', 'FONE COM FIO P2') ON CONFLICT (cod) DO NOTHING;
INSERT INTO cadastro_acessorios (cod, tipo, descricao) VALUES ('AC019', 'Fone Bluetooth', 'AIRDOTS 5') ON CONFLICT (cod) DO NOTHING;
INSERT INTO cadastro_acessorios (cod, tipo, descricao) VALUES ('AC020', 'Outro', 'CANETA PARA REDMI PAD') ON CONFLICT (cod) DO NOTHING;
INSERT INTO cadastro_acessorios (cod, tipo, descricao) VALUES ('AC021', 'Adaptador', 'ADAPTADOR TOMADA 3P') ON CONFLICT (cod) DO NOTHING;
INSERT INTO cadastro_acessorios (cod, tipo, descricao) VALUES ('AC022', 'Adaptador', 'ADAPTADOR TOMADA MODELO T') ON CONFLICT (cod) DO NOTHING;
INSERT INTO cadastro_acessorios (cod, tipo, descricao) VALUES ('AC023', 'Adaptador', 'ADAPTADOR TOMADA 2P') ON CONFLICT (cod) DO NOTHING;
INSERT INTO cadastro_acessorios (cod, tipo, descricao) VALUES ('AC024', 'Adaptador', 'ADAPTADOR SIMPLES') ON CONFLICT (cod) DO NOTHING;
INSERT INTO cadastro_acessorios (cod, tipo, descricao) VALUES ('AC025', 'Adaptador', 'ADAPTADOR ESPECIAL') ON CONFLICT (cod) DO NOTHING;
INSERT INTO cadastro_acessorios (cod, tipo, descricao) VALUES ('AC026', 'Película 3D', 'PELICULA 3D IPHONE 8 PLUS') ON CONFLICT (cod) DO NOTHING;
INSERT INTO cadastro_acessorios (cod, tipo, descricao) VALUES ('AC027', 'Película 3D', 'PELICULA 3D IPHONE X/XS/11PRO') ON CONFLICT (cod) DO NOTHING;
INSERT INTO cadastro_acessorios (cod, tipo, descricao) VALUES ('AC028', 'Película 3D', 'PELICULA 3D IPHONE XR/11') ON CONFLICT (cod) DO NOTHING;
INSERT INTO cadastro_acessorios (cod, tipo, descricao) VALUES ('AC029', 'Película 3D', 'PELICULA 3D IPHONE 13/13 PRO/14/16 E') ON CONFLICT (cod) DO NOTHING;
INSERT INTO cadastro_acessorios (cod, tipo, descricao) VALUES ('AC030', 'Película 3D', 'PELICULA 3D IPHONE 14 PRO') ON CONFLICT (cod) DO NOTHING;
INSERT INTO cadastro_acessorios (cod, tipo, descricao) VALUES ('AC031', 'Película 3D', 'PELICULA 3D IPHONE 15/15 PRO') ON CONFLICT (cod) DO NOTHING;
INSERT INTO cadastro_acessorios (cod, tipo, descricao) VALUES ('AC032', 'Película 3D', 'PELICULA 3D IPHONE 16 PRO') ON CONFLICT (cod) DO NOTHING;
INSERT INTO cadastro_acessorios (cod, tipo, descricao) VALUES ('AC033', 'Película 3D', 'PELICULA 3D IPHONE 17/17 PRO') ON CONFLICT (cod) DO NOTHING;
INSERT INTO cadastro_acessorios (cod, tipo, descricao) VALUES ('AC034', 'Película 3D', 'PELICULA 3D IPHONE 17 PRO MAX') ON CONFLICT (cod) DO NOTHING;
INSERT INTO cadastro_acessorios (cod, tipo, descricao) VALUES ('AC035', 'Película 3D', 'PELICULA 3D IPHONE 15 PRO MAX') ON CONFLICT (cod) DO NOTHING;
INSERT INTO cadastro_acessorios (cod, tipo, descricao) VALUES ('AC036', 'Película 3D', 'PELICULA 3D IPHONE 16 PRO MAX') ON CONFLICT (cod) DO NOTHING;
INSERT INTO cadastro_acessorios (cod, tipo, descricao) VALUES ('AC037', 'Película 3D', 'PELICULA 3D IPHONE 16') ON CONFLICT (cod) DO NOTHING;
INSERT INTO cadastro_acessorios (cod, tipo, descricao) VALUES ('AC038', 'Película 3D', 'PELICULA 3D IPHONE 14 PRO MAX') ON CONFLICT (cod) DO NOTHING;
INSERT INTO cadastro_acessorios (cod, tipo, descricao) VALUES ('AC039', 'Película 3D', 'PELICULA 3D IPHONE 13 PRO MAX') ON CONFLICT (cod) DO NOTHING;
INSERT INTO cadastro_acessorios (cod, tipo, descricao) VALUES ('AC040', 'Película 3D', 'PELICULA 3D IPHONE 12 PRO MAX') ON CONFLICT (cod) DO NOTHING;
INSERT INTO cadastro_acessorios (cod, tipo, descricao) VALUES ('AC041', 'Película 3D', 'PELICULA 3D IPHONE XS MAX/11 PRO MAX') ON CONFLICT (cod) DO NOTHING;
INSERT INTO cadastro_acessorios (cod, tipo, descricao) VALUES ('AC042', 'Película 3D', 'PELICULA 3D REDMI NOTE 9') ON CONFLICT (cod) DO NOTHING;
INSERT INTO cadastro_acessorios (cod, tipo, descricao) VALUES ('AC043', 'Película 3D', 'PELICULA 3D XIAOMI 12 LITE') ON CONFLICT (cod) DO NOTHING;
INSERT INTO cadastro_acessorios (cod, tipo, descricao) VALUES ('AC044', 'Película 3D', 'PELICULA 3D REDMI 9') ON CONFLICT (cod) DO NOTHING;
INSERT INTO cadastro_acessorios (cod, tipo, descricao) VALUES ('AC045', 'Película 3D', 'PELICULA XIAOMI M4 PRO') ON CONFLICT (cod) DO NOTHING;
INSERT INTO cadastro_acessorios (cod, tipo, descricao) VALUES ('AC046', 'Película 3D', 'PELICULA 3D XIAOMI POCO F4') ON CONFLICT (cod) DO NOTHING;
INSERT INTO cadastro_acessorios (cod, tipo, descricao) VALUES ('AC047', 'Outro', 'PELICULA VIDRO IPHONE XR/11') ON CONFLICT (cod) DO NOTHING;
INSERT INTO cadastro_acessorios (cod, tipo, descricao) VALUES ('AC048', 'Outro', 'PELICULA VIDRO IPHONE 8') ON CONFLICT (cod) DO NOTHING;
INSERT INTO cadastro_acessorios (cod, tipo, descricao) VALUES ('AC049', 'Outro', 'PELICULA VIDRO IPHONE 8 PLUS') ON CONFLICT (cod) DO NOTHING;
INSERT INTO cadastro_acessorios (cod, tipo, descricao) VALUES ('AC050', 'Capinha', 'CAPA TRANSPARENTE IPHONE 7') ON CONFLICT (cod) DO NOTHING;
INSERT INTO cadastro_acessorios (cod, tipo, descricao) VALUES ('AC051', 'Capinha', 'CAPA TRANSPARENTE IPHONE 7 PLUS') ON CONFLICT (cod) DO NOTHING;
INSERT INTO cadastro_acessorios (cod, tipo, descricao) VALUES ('AC052', 'Capinha', 'CAPA TRANSPARENTE IPHONE XR') ON CONFLICT (cod) DO NOTHING;
INSERT INTO cadastro_acessorios (cod, tipo, descricao) VALUES ('AC053', 'Capinha', 'CAPA TRANSPARENTE IPHONE 11') ON CONFLICT (cod) DO NOTHING;
INSERT INTO cadastro_acessorios (cod, tipo, descricao) VALUES ('AC054', 'Capinha', 'CAPA COLORIDA IPHONE 11 PRO') ON CONFLICT (cod) DO NOTHING;
INSERT INTO cadastro_acessorios (cod, tipo, descricao) VALUES ('AC055', 'Capinha', 'CAPA TRANSPARENTE IPHONE 11 PRO') ON CONFLICT (cod) DO NOTHING;
INSERT INTO cadastro_acessorios (cod, tipo, descricao) VALUES ('AC056', 'Capinha', 'CAPA TRANSPARENTE IPHONE 11 PRO MAX') ON CONFLICT (cod) DO NOTHING;
INSERT INTO cadastro_acessorios (cod, tipo, descricao) VALUES ('AC057', 'Capinha', 'CAPA TRANSPARENTE IPHONE 12') ON CONFLICT (cod) DO NOTHING;
INSERT INTO cadastro_acessorios (cod, tipo, descricao) VALUES ('AC058', 'Capinha', 'CAPA TRANSPARENTE IPHONE 12 PRO') ON CONFLICT (cod) DO NOTHING;
INSERT INTO cadastro_acessorios (cod, tipo, descricao) VALUES ('AC059', 'Capinha', 'CAPA COLORIDA IPHONE 12 PRO MAX') ON CONFLICT (cod) DO NOTHING;
INSERT INTO cadastro_acessorios (cod, tipo, descricao) VALUES ('AC060', 'Capinha', 'CAPA TRANSPARENTE IPHONE 12 PRO MAX') ON CONFLICT (cod) DO NOTHING;
INSERT INTO cadastro_acessorios (cod, tipo, descricao) VALUES ('AC061', 'Capinha', 'CAPA TRANSPARENTE IPHONE 13') ON CONFLICT (cod) DO NOTHING;
INSERT INTO cadastro_acessorios (cod, tipo, descricao) VALUES ('AC062', 'Capinha', 'CAPA TRANSPARENTE IPHONE 13 PRO') ON CONFLICT (cod) DO NOTHING;
INSERT INTO cadastro_acessorios (cod, tipo, descricao) VALUES ('AC063', 'Capinha', 'CAPA TRANSPARENTE IPHONE 13 PRO MAX') ON CONFLICT (cod) DO NOTHING;
INSERT INTO cadastro_acessorios (cod, tipo, descricao) VALUES ('AC064', 'Capinha', 'CAPA TRANSPARENTE IPHONE 14') ON CONFLICT (cod) DO NOTHING;
INSERT INTO cadastro_acessorios (cod, tipo, descricao) VALUES ('AC065', 'Capinha', 'CAPA TRANSPARENTE IPHONE 14 PRO') ON CONFLICT (cod) DO NOTHING;
INSERT INTO cadastro_acessorios (cod, tipo, descricao) VALUES ('AC066', 'Capinha', 'CAPA TRANSPARENTE IPHONE 14 PLUS') ON CONFLICT (cod) DO NOTHING;
INSERT INTO cadastro_acessorios (cod, tipo, descricao) VALUES ('AC067', 'Capinha', 'CAPA TRANSPARENTE IPHONE 14 PRO MAX') ON CONFLICT (cod) DO NOTHING;
INSERT INTO cadastro_acessorios (cod, tipo, descricao) VALUES ('AC068', 'Capinha', 'CAPA TRANSPARENTE IPHONE 15') ON CONFLICT (cod) DO NOTHING;
INSERT INTO cadastro_acessorios (cod, tipo, descricao) VALUES ('AC069', 'Capinha', 'CAPA TRANSPARENTE IPHONE 15 PRO') ON CONFLICT (cod) DO NOTHING;
INSERT INTO cadastro_acessorios (cod, tipo, descricao) VALUES ('AC070', 'Capinha', 'CAPA TRANSPARENTE IPHONE 15 PRO MAX') ON CONFLICT (cod) DO NOTHING;
INSERT INTO cadastro_acessorios (cod, tipo, descricao) VALUES ('AC071', 'Capinha', 'CAPA TRANSPARENTE IPHONE 16') ON CONFLICT (cod) DO NOTHING;
INSERT INTO cadastro_acessorios (cod, tipo, descricao) VALUES ('AC072', 'Capinha', 'CAPA TRANSPARENTE IPHONE 16 PRO') ON CONFLICT (cod) DO NOTHING;
INSERT INTO cadastro_acessorios (cod, tipo, descricao) VALUES ('AC073', 'Capinha', 'CAPA TRANSPARENTE IPHONE 16 PRO MAX') ON CONFLICT (cod) DO NOTHING;
INSERT INTO cadastro_acessorios (cod, tipo, descricao) VALUES ('AC074', 'Capinha', 'CAPA TRANSPARENTE IPHONE 17') ON CONFLICT (cod) DO NOTHING;
INSERT INTO cadastro_acessorios (cod, tipo, descricao) VALUES ('AC075', 'Capinha', 'CAPA TRANSPARENTE IPHONE 17 PRO') ON CONFLICT (cod) DO NOTHING;
INSERT INTO cadastro_acessorios (cod, tipo, descricao) VALUES ('AC076', 'Capinha', 'CAPA TRANSPARENTE IPHONE 17 PRO MAX') ON CONFLICT (cod) DO NOTHING;
INSERT INTO cadastro_acessorios (cod, tipo, descricao) VALUES ('AC077', 'Capinha', 'CAPA COLORIDA POCO M4 PRO 5G') ON CONFLICT (cod) DO NOTHING;
INSERT INTO cadastro_acessorios (cod, tipo, descricao) VALUES ('AC078', 'Capinha', 'CAPA TRANSPARENTE MI 13 LITE') ON CONFLICT (cod) DO NOTHING;
INSERT INTO cadastro_acessorios (cod, tipo, descricao) VALUES ('AC079', 'Capinha', 'CAPA TRANSPARENTE REDMI 15C 4G/5G / POCO C85') ON CONFLICT (cod) DO NOTHING;
INSERT INTO cadastro_acessorios (cod, tipo, descricao) VALUES ('AC080', 'Capinha', 'CAPA TRANSPARENTE REDMI 15') ON CONFLICT (cod) DO NOTHING;
INSERT INTO cadastro_acessorios (cod, tipo, descricao) VALUES ('AC081', 'Capinha', 'CAPA TRANSPARENTE NOTE 15 4G/5G') ON CONFLICT (cod) DO NOTHING;
INSERT INTO cadastro_acessorios (cod, tipo, descricao) VALUES ('AC082', 'Capinha', 'CAPA TRANSPARENTE NOTE 15 PRO 5G') ON CONFLICT (cod) DO NOTHING;
INSERT INTO cadastro_acessorios (cod, tipo, descricao) VALUES ('AC083', 'Capinha', 'CAPA TRANSPARENTE NOTE 15 PRO PLUS') ON CONFLICT (cod) DO NOTHING;
INSERT INTO cadastro_acessorios (cod, tipo, descricao) VALUES ('AC084', 'Capinha', 'CAPA TRANSPARENTE POCO X7 PRO') ON CONFLICT (cod) DO NOTHING;
INSERT INTO cadastro_acessorios (cod, tipo, descricao) VALUES ('AC085', 'Capinha', 'CAPA TRANSPARENTE POCO F7 5G') ON CONFLICT (cod) DO NOTHING;
INSERT INTO cadastro_acessorios (cod, tipo, descricao) VALUES ('AC086', 'Capinha', 'CAPA TRANSPARENTE NOTE 14 PRO PLUS') ON CONFLICT (cod) DO NOTHING;
INSERT INTO cadastro_acessorios (cod, tipo, descricao) VALUES ('AC087', 'Capinha', 'CAPA TRANSPARENTE POCO X5 PRO') ON CONFLICT (cod) DO NOTHING;
INSERT INTO cadastro_acessorios (cod, tipo, descricao) VALUES ('AC088', 'Capinha', 'CAPA TRANSPARENTE NOTE 15 PRO 4G') ON CONFLICT (cod) DO NOTHING;
INSERT INTO cadastro_acessorios (cod, tipo, descricao) VALUES ('AC089', 'Capinha', 'CAPA TRANSPARENTE REDMI 14C') ON CONFLICT (cod) DO NOTHING;
INSERT INTO cadastro_acessorios (cod, tipo, descricao) VALUES ('AC090', 'Capinha', 'CAPA TRANSPARENTE REDMI 13C') ON CONFLICT (cod) DO NOTHING;
INSERT INTO cadastro_acessorios (cod, tipo, descricao) VALUES ('AC091', 'Capinha', 'CAPA TRANSPARENTE POCO X7PRO') ON CONFLICT (cod) DO NOTHING;
INSERT INTO cadastro_acessorios (cod, tipo, descricao) VALUES ('AC092', 'Capinha', 'CAPA TRANSPARENTE REDMI 12 4G') ON CONFLICT (cod) DO NOTHING;
INSERT INTO cadastro_acessorios (cod, tipo, descricao) VALUES ('AC093', 'Capinha', 'CAPA TRANSPARENTE SAMSUNG S24') ON CONFLICT (cod) DO NOTHING;
INSERT INTO cadastro_acessorios (cod, tipo, descricao) VALUES ('AC094', 'Capinha', 'CAPA TRANSPARENTE SAMSUNG S24 FE') ON CONFLICT (cod) DO NOTHING;
INSERT INTO cadastro_acessorios (cod, tipo, descricao) VALUES ('AC095', 'Capinha', 'CAPA TRANSPARENTE SAMSUNG S24 ULTRA') ON CONFLICT (cod) DO NOTHING;
INSERT INTO cadastro_acessorios (cod, tipo, descricao) VALUES ('AC096', 'Capinha', 'CAPA TRANSPARENTE SAMSUNG S25') ON CONFLICT (cod) DO NOTHING;
INSERT INTO cadastro_acessorios (cod, tipo, descricao) VALUES ('AC097', 'Capinha', 'CAPA TRANSPARENTE SAMSUNG S25 ULTRA') ON CONFLICT (cod) DO NOTHING;
INSERT INTO cadastro_acessorios (cod, tipo, descricao) VALUES ('AC098', 'Capinha', 'CAPA TRANSPARENTE REDMI NOTE 70 4G') ON CONFLICT (cod) DO NOTHING;
INSERT INTO cadastro_acessorios (cod, tipo, descricao) VALUES ('AC099', 'Capinha', 'CAPA TRANSPARENTE POCO F5 5G') ON CONFLICT (cod) DO NOTHING;
INSERT INTO cadastro_acessorios (cod, tipo, descricao) VALUES ('AC100', 'Capinha', 'CAPA TRANSPARENTE REDMI 9') ON CONFLICT (cod) DO NOTHING;
INSERT INTO cadastro_acessorios (cod, tipo, descricao) VALUES ('AC101', 'Capinha', 'CAPA TRANSPARENTE NOTE 10 4G') ON CONFLICT (cod) DO NOTHING;
INSERT INTO cadastro_acessorios (cod, tipo, descricao) VALUES ('AC102', 'Capinha', 'CAPA TRANSPARENTE REDMI 12C') ON CONFLICT (cod) DO NOTHING;
INSERT INTO cadastro_acessorios (cod, tipo, descricao) VALUES ('AC103', 'Capinha', 'CAPA TRANSPARENTE POCO X4 PRO 5G') ON CONFLICT (cod) DO NOTHING;
INSERT INTO cadastro_acessorios (cod, tipo, descricao) VALUES ('AC104', 'Capinha', 'CAPA TRANSPARENTE POCO X7') ON CONFLICT (cod) DO NOTHING;
INSERT INTO cadastro_acessorios (cod, tipo, descricao) VALUES ('AC105', 'Capinha', 'CAPA TRANSPARENTE NOTE 9T') ON CONFLICT (cod) DO NOTHING;
INSERT INTO cadastro_acessorios (cod, tipo, descricao) VALUES ('AC106', 'Capinha', 'CAPA TRANSPARENTE NOTE 8') ON CONFLICT (cod) DO NOTHING;
INSERT INTO cadastro_acessorios (cod, tipo, descricao) VALUES ('AC107', 'Capinha', 'CAPA TRANSPARENTE NOTE 9') ON CONFLICT (cod) DO NOTHING;
INSERT INTO cadastro_acessorios (cod, tipo, descricao) VALUES ('AC108', 'Fonte', 'FONTE 20W ORIGINAL APPLE') ON CONFLICT (cod) DO NOTHING;
INSERT INTO cadastro_acessorios (cod, tipo, descricao) VALUES ('AC109', 'CAPINHA', 'CAPA REDMI PAD SIMPLES') ON CONFLICT (cod) DO NOTHING;

-- ------------------------------------------------------------
-- 4. ESTOQUE DE ACESSÓRIOS (110 registros)
-- descrição preenchida automaticamente do cadastro
-- ------------------------------------------------------------

INSERT INTO estoque_acessorios (cod, tipo, descricao, quantidade, custo_unitario, data_aquisicao) VALUES ('AC001', 'Carregador', 'CARREGADOR PRIMEIRA LINHA TIPO C', 35, 11.0, '2026-03-01');
INSERT INTO estoque_acessorios (cod, tipo, descricao, quantidade, custo_unitario, data_aquisicao) VALUES ('AC002', 'Carregador', 'CARREGADOR PRIMEIRA LINHA TIPO LIGHT', 2, 11.0, '2026-03-01');
INSERT INTO estoque_acessorios (cod, tipo, descricao, quantidade, custo_unitario, data_aquisicao) VALUES ('AC003', 'Carregador', 'CARREGADOR PRIMEIRA LINHA MODELO V8', 2, 11.0, '2026-03-01');
INSERT INTO estoque_acessorios (cod, tipo, descricao, quantidade, custo_unitario, data_aquisicao) VALUES ('AC004', 'Carregador', 'FONTE 25W PREMIUM', 11, 15.0, '2026-03-01');
INSERT INTO estoque_acessorios (cod, tipo, descricao, quantidade, custo_unitario, data_aquisicao) VALUES ('AC005', 'Cabo', 'CABO 1M USB/TIPO C', 25, 7.0, '2026-03-01');
INSERT INTO estoque_acessorios (cod, tipo, descricao, quantidade, custo_unitario, data_aquisicao) VALUES ('AC006', 'Cabo', 'CABO 1M USB/LIGHT', 2, 7.0, '2026-03-01');
INSERT INTO estoque_acessorios (cod, tipo, descricao, quantidade, custo_unitario, data_aquisicao) VALUES ('AC007', 'Cabo', 'CABO 1M TIPO C/ LIGHT', 9, 7.0, '2026-03-01');
INSERT INTO estoque_acessorios (cod, tipo, descricao, quantidade, custo_unitario, data_aquisicao) VALUES ('AC008', 'Cabo', 'CABO 1M TIPO C/ TIPO C', 12, 7.0, '2026-03-01');
INSERT INTO estoque_acessorios (cod, tipo, descricao, quantidade, custo_unitario, data_aquisicao) VALUES ('AC009', 'Suporte Veicular', 'SUPORTE VEICULAR P/ CELULAR', 2, 12.0, '2026-03-01');
INSERT INTO estoque_acessorios (cod, tipo, descricao, quantidade, custo_unitario, data_aquisicao) VALUES ('AC010', 'Outro', 'ADAPTADOR JACK', 2, 8.0, '2026-03-01');
INSERT INTO estoque_acessorios (cod, tipo, descricao, quantidade, custo_unitario, data_aquisicao) VALUES ('AC011', 'Fone Bluetooth', 'FONE KAIDI KD767 BLUETOOTH', 2, 40.0, '2026-03-01');
INSERT INTO estoque_acessorios (cod, tipo, descricao, quantidade, custo_unitario, data_aquisicao) VALUES ('AC012', 'Fone Bluetooth', 'FONE BUDS 3 LITE BLUETOOTH', 1, 60.0, '2026-03-01');
INSERT INTO estoque_acessorios (cod, tipo, descricao, quantidade, custo_unitario, data_aquisicao) VALUES ('AC013', 'Fone Bluetooth', 'FONE BUDS 4 LITE BLUETOOTH', 0, 90.0, '2026-03-01');
INSERT INTO estoque_acessorios (cod, tipo, descricao, quantidade, custo_unitario, data_aquisicao) VALUES ('AC014', 'Outro', 'MICROFONE SEM FIO KAIDI TIPO C', 1, 48.0, '2026-03-01');
INSERT INTO estoque_acessorios (cod, tipo, descricao, quantidade, custo_unitario, data_aquisicao) VALUES ('AC015', 'Outro', 'MICROFONE SEM FIO KAIDI LIGHT', 2, 48.0, '2026-03-01');
INSERT INTO estoque_acessorios (cod, tipo, descricao, quantidade, custo_unitario, data_aquisicao) VALUES ('AC016', 'Power Bank', 'POWER BANK 20.000 MAH ORIGINAL XIAOMI', 0, 110.0, '2026-03-01');
INSERT INTO estoque_acessorios (cod, tipo, descricao, quantidade, custo_unitario, data_aquisicao) VALUES ('AC017', 'Fone Bluetooth', 'FONE BLUETOOTH HAYLOU 530', 1, 200.0, '2026-03-01');
INSERT INTO estoque_acessorios (cod, tipo, descricao, quantidade, custo_unitario, data_aquisicao) VALUES ('AC018', 'Fone com fio', 'FONE COM FIO P2', 140, 2.5, '2026-03-01');
INSERT INTO estoque_acessorios (cod, tipo, descricao, quantidade, custo_unitario, data_aquisicao) VALUES ('AC019', 'Fone Bluetooth', 'AIRDOTS 5', 3, 15.0, '2026-03-01');
INSERT INTO estoque_acessorios (cod, tipo, descricao, quantidade, custo_unitario, data_aquisicao) VALUES ('AC020', 'Outro', 'CANETA PARA REDMI PAD', 10, 23.0, '2026-03-01');
INSERT INTO estoque_acessorios (cod, tipo, descricao, quantidade, custo_unitario, data_aquisicao) VALUES ('AC021', 'Adaptador', 'ADAPTADOR TOMADA 3P', 5, 3.0, '2026-03-01');
INSERT INTO estoque_acessorios (cod, tipo, descricao, quantidade, custo_unitario, data_aquisicao) VALUES ('AC022', 'Adaptador', 'ADAPTADOR TOMADA MODELO T', 4, 3.0, '2026-03-01');
INSERT INTO estoque_acessorios (cod, tipo, descricao, quantidade, custo_unitario, data_aquisicao) VALUES ('AC023', 'Adaptador', 'ADAPTADOR TOMADA 2P', 17, 2.5, '2026-03-01');
INSERT INTO estoque_acessorios (cod, tipo, descricao, quantidade, custo_unitario, data_aquisicao) VALUES ('AC024', 'Adaptador', 'ADAPTADOR SIMPLES', 1, 2.0, '2026-03-01');
INSERT INTO estoque_acessorios (cod, tipo, descricao, quantidade, custo_unitario, data_aquisicao) VALUES ('AC025', 'Adaptador', 'ADAPTADOR ESPECIAL', 1, 10.0, '2026-03-01');
INSERT INTO estoque_acessorios (cod, tipo, descricao, quantidade, custo_unitario, data_aquisicao) VALUES ('AC026', 'Película 3D', 'PELICULA 3D IPHONE 8 PLUS', 1, 3.0, '2026-03-01');
INSERT INTO estoque_acessorios (cod, tipo, descricao, quantidade, custo_unitario, data_aquisicao) VALUES ('AC027', 'Película 3D', 'PELICULA 3D IPHONE X/XS/11PRO', 3, 3.0, '2026-03-01');
INSERT INTO estoque_acessorios (cod, tipo, descricao, quantidade, custo_unitario, data_aquisicao) VALUES ('AC028', 'Película 3D', 'PELICULA 3D IPHONE XR/11', 6, 3.0, '2026-03-01');
INSERT INTO estoque_acessorios (cod, tipo, descricao, quantidade, custo_unitario, data_aquisicao) VALUES ('AC029', 'Película 3D', 'PELICULA 3D IPHONE 13/13 PRO/14/16 E', 1, 3.0, '2026-03-01');
INSERT INTO estoque_acessorios (cod, tipo, descricao, quantidade, custo_unitario, data_aquisicao) VALUES ('AC030', 'Película 3D', 'PELICULA 3D IPHONE 14 PRO', 1, 3.0, '2026-03-01');
INSERT INTO estoque_acessorios (cod, tipo, descricao, quantidade, custo_unitario, data_aquisicao) VALUES ('AC031', 'Película 3D', 'PELICULA 3D IPHONE 15/15 PRO', 4, 3.0, '2026-03-01');
INSERT INTO estoque_acessorios (cod, tipo, descricao, quantidade, custo_unitario, data_aquisicao) VALUES ('AC032', 'Película 3D', 'PELICULA 3D IPHONE 16 PRO', 3, 3.0, '2026-03-01');
INSERT INTO estoque_acessorios (cod, tipo, descricao, quantidade, custo_unitario, data_aquisicao) VALUES ('AC033', 'Película 3D', 'PELICULA 3D IPHONE 17/17 PRO', 1, 3.0, '2026-03-01');
INSERT INTO estoque_acessorios (cod, tipo, descricao, quantidade, custo_unitario, data_aquisicao) VALUES ('AC034', 'Película 3D', 'PELICULA 3D IPHONE 17 PRO MAX', 9, 3.0, '2026-03-01');
INSERT INTO estoque_acessorios (cod, tipo, descricao, quantidade, custo_unitario, data_aquisicao) VALUES ('AC035', 'Película 3D', 'PELICULA 3D IPHONE 15 PRO MAX', 9, 3.0, '2026-03-01');
INSERT INTO estoque_acessorios (cod, tipo, descricao, quantidade, custo_unitario, data_aquisicao) VALUES ('AC036', 'Película 3D', 'PELICULA 3D IPHONE 16 PRO MAX', 11, 3.0, '2026-03-01');
INSERT INTO estoque_acessorios (cod, tipo, descricao, quantidade, custo_unitario, data_aquisicao) VALUES ('AC037', 'Película 3D', 'PELICULA 3D IPHONE 16', 5, 3.0, '2026-03-01');
INSERT INTO estoque_acessorios (cod, tipo, descricao, quantidade, custo_unitario, data_aquisicao) VALUES ('AC038', 'Película 3D', 'PELICULA 3D IPHONE 14 PRO MAX', 8, 3.0, '2026-03-01');
INSERT INTO estoque_acessorios (cod, tipo, descricao, quantidade, custo_unitario, data_aquisicao) VALUES ('AC039', 'Película 3D', 'PELICULA 3D IPHONE 13 PRO MAX', 8, 3.0, '2026-03-01');
INSERT INTO estoque_acessorios (cod, tipo, descricao, quantidade, custo_unitario, data_aquisicao) VALUES ('AC040', 'Película 3D', 'PELICULA 3D IPHONE 12 PRO MAX', 1, 3.0, '2026-03-01');
INSERT INTO estoque_acessorios (cod, tipo, descricao, quantidade, custo_unitario, data_aquisicao) VALUES ('AC041', 'Película 3D', 'PELICULA 3D IPHONE XS MAX/11 PRO MAX', 5, 3.0, '2026-03-01');
INSERT INTO estoque_acessorios (cod, tipo, descricao, quantidade, custo_unitario, data_aquisicao) VALUES ('AC042', 'Película 3D', 'PELICULA 3D REDMI NOTE 9', 3, 3.0, '2026-03-01');
INSERT INTO estoque_acessorios (cod, tipo, descricao, quantidade, custo_unitario, data_aquisicao) VALUES ('AC043', 'Película 3D', 'PELICULA 3D XIAOMI 12 LITE', 1, 1.0, '2026-03-01');
INSERT INTO estoque_acessorios (cod, tipo, descricao, quantidade, custo_unitario, data_aquisicao) VALUES ('AC044', 'Película 3D', 'PELICULA 3D REDMI 9', 3, 3.0, '2026-03-01');
INSERT INTO estoque_acessorios (cod, tipo, descricao, quantidade, custo_unitario, data_aquisicao) VALUES ('AC045', 'Película 3D', 'PELICULA XIAOMI M4 PRO', 1, 3.0, '2026-03-01');
INSERT INTO estoque_acessorios (cod, tipo, descricao, quantidade, custo_unitario, data_aquisicao) VALUES ('AC046', 'Película 3D', 'PELICULA 3D XIAOMI POCO F4', 1, 3.0, '2026-03-01');
INSERT INTO estoque_acessorios (cod, tipo, descricao, quantidade, custo_unitario, data_aquisicao) VALUES ('AC047', 'Outro', 'PELICULA VIDRO IPHONE XR/11', 6, 1.0, '2026-03-01');
INSERT INTO estoque_acessorios (cod, tipo, descricao, quantidade, custo_unitario, data_aquisicao) VALUES ('AC048', 'Outro', 'PELICULA VIDRO IPHONE 8', 3, 1.0, '2026-03-01');
INSERT INTO estoque_acessorios (cod, tipo, descricao, quantidade, custo_unitario, data_aquisicao) VALUES ('AC049', 'Outro', 'PELICULA VIDRO IPHONE 8 PLUS', 2, 1.0, '2026-03-01');
INSERT INTO estoque_acessorios (cod, tipo, descricao, quantidade, custo_unitario, data_aquisicao) VALUES ('AC050', 'Capinha', 'CAPA TRANSPARENTE IPHONE 7', 1, 3.0, '2026-03-01');
INSERT INTO estoque_acessorios (cod, tipo, descricao, quantidade, custo_unitario, data_aquisicao) VALUES ('AC051', 'Capinha', 'CAPA TRANSPARENTE IPHONE 7 PLUS', 1, 3.0, '2026-03-01');
INSERT INTO estoque_acessorios (cod, tipo, descricao, quantidade, custo_unitario, data_aquisicao) VALUES ('AC052', 'Capinha', 'CAPA TRANSPARENTE IPHONE XR', 1, 3.0, '2026-03-01');
INSERT INTO estoque_acessorios (cod, tipo, descricao, quantidade, custo_unitario, data_aquisicao) VALUES ('AC053', 'Capinha', 'CAPA TRANSPARENTE IPHONE 11', 2, 3.0, '2026-03-01');
INSERT INTO estoque_acessorios (cod, tipo, descricao, quantidade, custo_unitario, data_aquisicao) VALUES ('AC054', 'Capinha', 'CAPA COLORIDA IPHONE 11 PRO', 1, 5.0, '2026-03-01');
INSERT INTO estoque_acessorios (cod, tipo, descricao, quantidade, custo_unitario, data_aquisicao) VALUES ('AC055', 'Capinha', 'CAPA TRANSPARENTE IPHONE 11 PRO', 1, 3.0, '2026-03-01');
INSERT INTO estoque_acessorios (cod, tipo, descricao, quantidade, custo_unitario, data_aquisicao) VALUES ('AC056', 'Capinha', 'CAPA TRANSPARENTE IPHONE 11 PRO MAX', 2, 3.0, '2026-03-01');
INSERT INTO estoque_acessorios (cod, tipo, descricao, quantidade, custo_unitario, data_aquisicao) VALUES ('AC057', 'Capinha', 'CAPA TRANSPARENTE IPHONE 12', 2, 3.0, '2026-03-01');
INSERT INTO estoque_acessorios (cod, tipo, descricao, quantidade, custo_unitario, data_aquisicao) VALUES ('AC058', 'Capinha', 'CAPA TRANSPARENTE IPHONE 12 PRO', 3, 3.0, '2026-03-01');
INSERT INTO estoque_acessorios (cod, tipo, descricao, quantidade, custo_unitario, data_aquisicao) VALUES ('AC059', 'Capinha', 'CAPA COLORIDA IPHONE 12 PRO MAX', 1, 5.0, '2026-03-01');
INSERT INTO estoque_acessorios (cod, tipo, descricao, quantidade, custo_unitario, data_aquisicao) VALUES ('AC060', 'Capinha', 'CAPA TRANSPARENTE IPHONE 12 PRO MAX', 5, 3.0, '2026-03-01');
INSERT INTO estoque_acessorios (cod, tipo, descricao, quantidade, custo_unitario, data_aquisicao) VALUES ('AC061', 'Capinha', 'CAPA TRANSPARENTE IPHONE 13', 6, 3.0, '2026-03-01');
INSERT INTO estoque_acessorios (cod, tipo, descricao, quantidade, custo_unitario, data_aquisicao) VALUES ('AC062', 'Capinha', 'CAPA TRANSPARENTE IPHONE 13 PRO', 1, 3.0, '2026-03-01');
INSERT INTO estoque_acessorios (cod, tipo, descricao, quantidade, custo_unitario, data_aquisicao) VALUES ('AC063', 'Capinha', 'CAPA TRANSPARENTE IPHONE 13 PRO MAX', 7, 3.0, '2026-03-01');
INSERT INTO estoque_acessorios (cod, tipo, descricao, quantidade, custo_unitario, data_aquisicao) VALUES ('AC064', 'Capinha', 'CAPA TRANSPARENTE IPHONE 14', 4, 3.0, '2026-03-01');
INSERT INTO estoque_acessorios (cod, tipo, descricao, quantidade, custo_unitario, data_aquisicao) VALUES ('AC065', 'Capinha', 'CAPA TRANSPARENTE IPHONE 14 PRO', 3, 3.0, '2026-03-01');
INSERT INTO estoque_acessorios (cod, tipo, descricao, quantidade, custo_unitario, data_aquisicao) VALUES ('AC066', 'Capinha', 'CAPA TRANSPARENTE IPHONE 14 PLUS', 4, 3.0, '2026-03-01');
INSERT INTO estoque_acessorios (cod, tipo, descricao, quantidade, custo_unitario, data_aquisicao) VALUES ('AC067', 'Capinha', 'CAPA TRANSPARENTE IPHONE 14 PRO MAX', 4, 3.0, '2026-03-01');
INSERT INTO estoque_acessorios (cod, tipo, descricao, quantidade, custo_unitario, data_aquisicao) VALUES ('AC068', 'Capinha', 'CAPA TRANSPARENTE IPHONE 15', 3, 3.0, '2026-03-01');
INSERT INTO estoque_acessorios (cod, tipo, descricao, quantidade, custo_unitario, data_aquisicao) VALUES ('AC069', 'Capinha', 'CAPA TRANSPARENTE IPHONE 15 PRO', 2, 3.0, '2026-03-01');
INSERT INTO estoque_acessorios (cod, tipo, descricao, quantidade, custo_unitario, data_aquisicao) VALUES ('AC070', 'Capinha', 'CAPA TRANSPARENTE IPHONE 15 PRO MAX', 4, 3.0, '2026-03-01');
INSERT INTO estoque_acessorios (cod, tipo, descricao, quantidade, custo_unitario, data_aquisicao) VALUES ('AC071', 'Capinha', 'CAPA TRANSPARENTE IPHONE 16', 4, 3.0, '2026-03-01');
INSERT INTO estoque_acessorios (cod, tipo, descricao, quantidade, custo_unitario, data_aquisicao) VALUES ('AC072', 'Capinha', 'CAPA TRANSPARENTE IPHONE 16 PRO', 4, 3.0, '2026-03-01');
INSERT INTO estoque_acessorios (cod, tipo, descricao, quantidade, custo_unitario, data_aquisicao) VALUES ('AC073', 'Capinha', 'CAPA TRANSPARENTE IPHONE 16 PRO MAX', 5, 3.0, '2026-03-01');
INSERT INTO estoque_acessorios (cod, tipo, descricao, quantidade, custo_unitario, data_aquisicao) VALUES ('AC074', 'Capinha', 'CAPA TRANSPARENTE IPHONE 17', 3, 3.0, '2026-03-01');
INSERT INTO estoque_acessorios (cod, tipo, descricao, quantidade, custo_unitario, data_aquisicao) VALUES ('AC075', 'Capinha', 'CAPA TRANSPARENTE IPHONE 17 PRO', 2, 3.0, '2026-03-01');
INSERT INTO estoque_acessorios (cod, tipo, descricao, quantidade, custo_unitario, data_aquisicao) VALUES ('AC076', 'Capinha', 'CAPA TRANSPARENTE IPHONE 17 PRO MAX', 9, 3.0, '2026-03-01');
INSERT INTO estoque_acessorios (cod, tipo, descricao, quantidade, custo_unitario, data_aquisicao) VALUES ('AC077', 'Capinha', 'CAPA COLORIDA POCO M4 PRO 5G', 1, 5.0, '2026-03-01');
INSERT INTO estoque_acessorios (cod, tipo, descricao, quantidade, custo_unitario, data_aquisicao) VALUES ('AC078', 'Capinha', 'CAPA TRANSPARENTE MI 13 LITE', 2, 3.0, '2026-03-01');
INSERT INTO estoque_acessorios (cod, tipo, descricao, quantidade, custo_unitario, data_aquisicao) VALUES ('AC079', 'Capinha', 'CAPA TRANSPARENTE REDMI 15C 4G/5G / POCO C85', 23, 3.0, '2026-03-01');
INSERT INTO estoque_acessorios (cod, tipo, descricao, quantidade, custo_unitario, data_aquisicao) VALUES ('AC080', 'Capinha', 'CAPA TRANSPARENTE REDMI 15', 9, 3.0, '2026-03-01');
INSERT INTO estoque_acessorios (cod, tipo, descricao, quantidade, custo_unitario, data_aquisicao) VALUES ('AC081', 'Capinha', 'CAPA TRANSPARENTE NOTE 15 4G/5G', 27, 3.0, '2026-03-01');
INSERT INTO estoque_acessorios (cod, tipo, descricao, quantidade, custo_unitario, data_aquisicao) VALUES ('AC082', 'Capinha', 'CAPA TRANSPARENTE NOTE 15 PRO 5G', 19, 3.0, '2026-03-01');
INSERT INTO estoque_acessorios (cod, tipo, descricao, quantidade, custo_unitario, data_aquisicao) VALUES ('AC083', 'Capinha', 'CAPA TRANSPARENTE NOTE 15 PRO PLUS', 9, 3.0, '2026-03-01');
INSERT INTO estoque_acessorios (cod, tipo, descricao, quantidade, custo_unitario, data_aquisicao) VALUES ('AC084', 'Capinha', 'CAPA TRANSPARENTE POCO X7 PRO', 8, 3.0, '2026-03-01');
INSERT INTO estoque_acessorios (cod, tipo, descricao, quantidade, custo_unitario, data_aquisicao) VALUES ('AC085', 'Capinha', 'CAPA TRANSPARENTE POCO F7 5G', 4, 3.0, '2026-03-01');
INSERT INTO estoque_acessorios (cod, tipo, descricao, quantidade, custo_unitario, data_aquisicao) VALUES ('AC086', 'Capinha', 'CAPA TRANSPARENTE NOTE 14 PRO PLUS', 4, 3.0, '2026-03-01');
INSERT INTO estoque_acessorios (cod, tipo, descricao, quantidade, custo_unitario, data_aquisicao) VALUES ('AC087', 'Capinha', 'CAPA TRANSPARENTE POCO X5 PRO', 2, 3.0, '2026-03-01');
INSERT INTO estoque_acessorios (cod, tipo, descricao, quantidade, custo_unitario, data_aquisicao) VALUES ('AC088', 'Capinha', 'CAPA TRANSPARENTE NOTE 15 PRO 4G', 5, 3.0, '2026-03-01');
INSERT INTO estoque_acessorios (cod, tipo, descricao, quantidade, custo_unitario, data_aquisicao) VALUES ('AC089', 'Capinha', 'CAPA TRANSPARENTE REDMI 14C', 5, 3.0, '2026-03-01');
INSERT INTO estoque_acessorios (cod, tipo, descricao, quantidade, custo_unitario, data_aquisicao) VALUES ('AC090', 'Capinha', 'CAPA TRANSPARENTE REDMI 13C', 10, 3.0, '2026-03-01');
INSERT INTO estoque_acessorios (cod, tipo, descricao, quantidade, custo_unitario, data_aquisicao) VALUES ('AC091', 'Capinha', 'CAPA TRANSPARENTE POCO X7PRO', 4, 3.0, '2026-03-01');
INSERT INTO estoque_acessorios (cod, tipo, descricao, quantidade, custo_unitario, data_aquisicao) VALUES ('AC092', 'Capinha', 'CAPA TRANSPARENTE REDMI 12 4G', 2, 3.0, '2026-03-01');
INSERT INTO estoque_acessorios (cod, tipo, descricao, quantidade, custo_unitario, data_aquisicao) VALUES ('AC093', 'Capinha', 'CAPA TRANSPARENTE SAMSUNG S24', 3, 3.0, '2026-03-01');
INSERT INTO estoque_acessorios (cod, tipo, descricao, quantidade, custo_unitario, data_aquisicao) VALUES ('AC094', 'Capinha', 'CAPA TRANSPARENTE SAMSUNG S24 FE', 3, 3.0, '2026-03-01');
INSERT INTO estoque_acessorios (cod, tipo, descricao, quantidade, custo_unitario, data_aquisicao) VALUES ('AC095', 'Capinha', 'CAPA TRANSPARENTE SAMSUNG S24 ULTRA', 3, 3.0, '2026-03-01');
INSERT INTO estoque_acessorios (cod, tipo, descricao, quantidade, custo_unitario, data_aquisicao) VALUES ('AC096', 'Capinha', 'CAPA TRANSPARENTE SAMSUNG S25', 1, 3.0, '2026-03-01');
INSERT INTO estoque_acessorios (cod, tipo, descricao, quantidade, custo_unitario, data_aquisicao) VALUES ('AC097', 'Capinha', 'CAPA TRANSPARENTE SAMSUNG S25 ULTRA', 3, 3.0, '2026-03-01');
INSERT INTO estoque_acessorios (cod, tipo, descricao, quantidade, custo_unitario, data_aquisicao) VALUES ('AC098', 'Capinha', 'CAPA TRANSPARENTE REDMI NOTE 70 4G', 3, 3.0, '2026-03-01');
INSERT INTO estoque_acessorios (cod, tipo, descricao, quantidade, custo_unitario, data_aquisicao) VALUES ('AC099', 'Capinha', 'CAPA TRANSPARENTE POCO F5 5G', 1, 3.0, '2026-03-01');
INSERT INTO estoque_acessorios (cod, tipo, descricao, quantidade, custo_unitario, data_aquisicao) VALUES ('AC100', 'Capinha', 'CAPA TRANSPARENTE REDMI 9', 1, 3.0, '2026-03-01');
INSERT INTO estoque_acessorios (cod, tipo, descricao, quantidade, custo_unitario, data_aquisicao) VALUES ('AC101', 'Capinha', 'CAPA TRANSPARENTE NOTE 10 4G', 1, 3.0, '2026-03-01');
INSERT INTO estoque_acessorios (cod, tipo, descricao, quantidade, custo_unitario, data_aquisicao) VALUES ('AC102', 'Capinha', 'CAPA TRANSPARENTE REDMI 12C', 1, 3.0, '2026-03-01');
INSERT INTO estoque_acessorios (cod, tipo, descricao, quantidade, custo_unitario, data_aquisicao) VALUES ('AC103', 'Capinha', 'CAPA TRANSPARENTE POCO X4 PRO 5G', 1, 3.0, '2026-03-01');
INSERT INTO estoque_acessorios (cod, tipo, descricao, quantidade, custo_unitario, data_aquisicao) VALUES ('AC104', 'Capinha', 'CAPA TRANSPARENTE POCO X7', 6, 3.0, '2026-03-01');
INSERT INTO estoque_acessorios (cod, tipo, descricao, quantidade, custo_unitario, data_aquisicao) VALUES ('AC105', 'Capinha', 'CAPA TRANSPARENTE NOTE 9T', 1, 3.0, '2026-03-01');
INSERT INTO estoque_acessorios (cod, tipo, descricao, quantidade, custo_unitario, data_aquisicao) VALUES ('AC106', 'Capinha', 'CAPA TRANSPARENTE NOTE 8', 1, 3.0, '2026-03-01');
INSERT INTO estoque_acessorios (cod, tipo, descricao, quantidade, custo_unitario, data_aquisicao) VALUES ('AC107', 'Capinha', 'CAPA TRANSPARENTE NOTE 9', 1, 3.0, '2026-03-01');
INSERT INTO estoque_acessorios (cod, tipo, descricao, quantidade, custo_unitario, data_aquisicao) VALUES ('AC108', 'Fonte', 'FONTE 20W ORIGINAL APPLE', 3, 15.0, '2026-03-01');
INSERT INTO estoque_acessorios (cod, tipo, descricao, quantidade, custo_unitario, data_aquisicao) VALUES ('AC109', 'CAPINHA', 'CAPA REDMI PAD SIMPLES', 4, 21.5, '2026-03-05');
INSERT INTO estoque_acessorios (cod, tipo, descricao, quantidade, custo_unitario, data_aquisicao) VALUES ('AC110', 'FONE COM FIO', '', 0, 50.0, '2026-03-12');

-- ------------------------------------------------------------
-- 5. CUSTOS (55 registros)
-- ------------------------------------------------------------

INSERT INTO custos (data, tipo, categoria, valor, periodo_referencia) VALUES ('2026-03-01', 'ESTOQUE DE APARELHOS', 'Eventual', 4280.0, NULL);
INSERT INTO custos (data, tipo, categoria, valor, periodo_referencia) VALUES ('2026-03-01', 'ACESSÓRIOS', 'Eventual', 15.0, NULL);
INSERT INTO custos (data, tipo, categoria, valor, periodo_referencia) VALUES ('2026-03-01', 'ESTOQUE DE APARELHOS', 'Eventual', 4280.0, NULL);
INSERT INTO custos (data, tipo, categoria, valor, periodo_referencia) VALUES ('2026-03-01', 'ACESSÓRIOS', 'Eventual', 264.5, NULL);
INSERT INTO custos (data, tipo, categoria, valor, periodo_referencia) VALUES ('2026-03-01', 'ACESSÓRIOS', 'Eventual', 234.0, NULL);
INSERT INTO custos (data, tipo, categoria, valor, periodo_referencia) VALUES ('2026-03-01', 'ACESSÓRIOS', 'Eventual', 19.0, NULL);
INSERT INTO custos (data, tipo, categoria, valor, periodo_referencia) VALUES ('2026-03-01', 'ACESSÓRIOS', 'Eventual', 17.0, NULL);
INSERT INTO custos (data, tipo, categoria, valor, periodo_referencia) VALUES ('2026-03-01', 'ACESSÓRIOS', 'Eventual', 262.0, NULL);
INSERT INTO custos (data, tipo, categoria, valor, periodo_referencia) VALUES ('2026-03-01', 'ACESSÓRIOS', 'Eventual', 311.0, NULL);
INSERT INTO custos (data, tipo, categoria, valor, periodo_referencia) VALUES ('2026-03-11', 'ACESSÓRIOS', 'Eventual', 117.0, NULL);
INSERT INTO custos (data, tipo, categoria, valor, periodo_referencia) VALUES ('2026-03-01', 'ACESSÓRIOS', 'Eventual', 87.0, NULL);
INSERT INTO custos (data, tipo, categoria, valor, periodo_referencia) VALUES ('2026-03-01', 'ACESSÓRIOS', 'Eventual', 11.0, NULL);
INSERT INTO custos (data, tipo, categoria, valor, periodo_referencia) VALUES ('2026-03-01', 'ACESSÓRIOS', 'Eventual', 2.5, NULL);
INSERT INTO custos (data, tipo, categoria, valor, periodo_referencia) VALUES ('2026-03-01', 'ACESSÓRIOS', 'Eventual', 64.5, NULL);
INSERT INTO custos (data, tipo, categoria, valor, periodo_referencia) VALUES ('2026-03-01', 'ACESSÓRIOS', 'Eventual', 64.5, NULL);
INSERT INTO custos (data, tipo, categoria, valor, periodo_referencia) VALUES ('2026-03-01', 'ACESSÓRIOS', 'Eventual', 21.0, NULL);
INSERT INTO custos (data, tipo, categoria, valor, periodo_referencia) VALUES ('2026-03-01', 'ACESSÓRIOS', 'Eventual', 92.0, NULL);
INSERT INTO custos (data, tipo, categoria, valor, periodo_referencia) VALUES ('2026-03-12', 'ACESSÓRIOS', 'Eventual', 50.0, NULL);
INSERT INTO custos (data, tipo, categoria, valor, periodo_referencia) VALUES ('2026-03-12', 'ESTOQUE DE APARELHOS', 'Eventual', 1200.0, NULL);
INSERT INTO custos (data, tipo, categoria, valor, periodo_referencia) VALUES ('2026-03-12', 'ESTOQUE DE APARELHOS', 'Eventual', 1200.0, NULL);
INSERT INTO custos (data, tipo, categoria, valor, periodo_referencia) VALUES ('2026-03-12', 'ACESSÓRIOS', 'Eventual', 50.0, NULL);
INSERT INTO custos (data, tipo, categoria, valor, periodo_referencia) VALUES ('2026-03-01', 'ESTOQUE DE APARELHOS', 'Eventual', 10559.0, NULL);
INSERT INTO custos (data, tipo, categoria, valor, periodo_referencia) VALUES ('2026-03-02', 'ESTOQUE DE APARELHOS', 'Eventual', 16770.0, NULL);
INSERT INTO custos (data, tipo, categoria, valor, periodo_referencia) VALUES ('2026-03-03', 'ESTOQUE DE APARELHOS', 'Eventual', 9963.0, NULL);
INSERT INTO custos (data, tipo, categoria, valor, periodo_referencia) VALUES ('2026-03-04', 'ESTOQUE DE APARELHOS', 'Eventual', 11570.0, NULL);
INSERT INTO custos (data, tipo, categoria, valor, periodo_referencia) VALUES ('2026-03-05', 'ESTOQUE DE APARELHOS', 'Eventual', 1220.0, NULL);
INSERT INTO custos (data, tipo, categoria, valor, periodo_referencia) VALUES ('2026-03-05', 'ACESSÓRIOS', 'Eventual', 65.0, NULL);
INSERT INTO custos (data, tipo, categoria, valor, periodo_referencia) VALUES ('2026-03-06', 'ESTOQUE DE APARELHOS', 'Eventual', 2600.0, NULL);
INSERT INTO custos (data, tipo, categoria, valor, periodo_referencia) VALUES ('2026-03-07', 'ESTOQUE DE APARELHOS', 'Eventual', 15000.0, NULL);
INSERT INTO custos (data, tipo, categoria, valor, periodo_referencia) VALUES ('2026-03-07', 'ESTOQUE DE APARELHOS', 'Eventual', 3010.0, NULL);
INSERT INTO custos (data, tipo, categoria, valor, periodo_referencia) VALUES ('2026-03-07', 'ESTOQUE DE APARELHOS', 'Eventual', 3819.0, NULL);
INSERT INTO custos (data, tipo, categoria, valor, periodo_referencia) VALUES ('2026-03-08', 'ESTOQUE DE APARELHOS', 'Eventual', 7060.0, NULL);
INSERT INTO custos (data, tipo, categoria, valor, periodo_referencia) VALUES ('2026-03-09', 'ESTOQUE DE APARELHOS', 'Eventual', 6251.0, NULL);
INSERT INTO custos (data, tipo, categoria, valor, periodo_referencia) VALUES ('2026-03-10', 'ESTOQUE DE APARELHOS', 'Eventual', 15135.0, NULL);
INSERT INTO custos (data, tipo, categoria, valor, periodo_referencia) VALUES ('2026-03-11', 'ESTOQUE DE APARELHOS', 'Eventual', 36613.0, NULL);
INSERT INTO custos (data, tipo, categoria, valor, periodo_referencia) VALUES ('2026-03-07', 'FRETE MERCADORIAS', 'Eventual', 45.0, NULL);
INSERT INTO custos (data, tipo, categoria, valor, periodo_referencia) VALUES ('2026-03-12', 'IMPOSTO', 'Eventual', 124.39, NULL);
INSERT INTO custos (data, tipo, categoria, valor, periodo_referencia) VALUES ('2026-03-13', 'RECARGA CELULAR', 'Eventual', 60.0, NULL);
INSERT INTO custos (data, tipo, categoria, valor, periodo_referencia) VALUES ('2026-03-16', 'LEADS INSTA', 'Eventual', 130.0, NULL);
INSERT INTO custos (data, tipo, categoria, valor, periodo_referencia) VALUES ('2026-03-01', 'TAXAS BANCO', 'Eventual', 29.9, NULL);
INSERT INTO custos (data, tipo, categoria, valor, periodo_referencia) VALUES ('2026-03-02', 'TAXAS BANCO', 'Eventual', 1675.0, NULL);
INSERT INTO custos (data, tipo, categoria, valor, periodo_referencia) VALUES ('2026-03-02', 'LEADS INSTA', 'Eventual', 130.0, NULL);
INSERT INTO custos (data, tipo, categoria, valor, periodo_referencia) VALUES ('2026-03-05', 'ALUGUEL', 'Eventual', 1840.79, NULL);
INSERT INTO custos (data, tipo, categoria, valor, periodo_referencia) VALUES ('2026-03-06', 'LEADS INSTA', 'Eventual', 130.0, NULL);
INSERT INTO custos (data, tipo, categoria, valor, periodo_referencia) VALUES ('2026-03-07', 'ENTREGAS', 'Eventual', 605.0, NULL);
INSERT INTO custos (data, tipo, categoria, valor, periodo_referencia) VALUES ('2026-03-10', 'LEADS INSTA', 'Eventual', 130.0, NULL);
INSERT INTO custos (data, tipo, categoria, valor, periodo_referencia) VALUES ('2026-03-10', 'LEADS INSTA', 'Eventual', 80.0, NULL);
INSERT INTO custos (data, tipo, categoria, valor, periodo_referencia) VALUES ('2026-03-15', 'ENTREGAS', 'Eventual', 625.0, NULL);
INSERT INTO custos (data, tipo, categoria, valor, periodo_referencia) VALUES ('2026-03-19', 'ESTOQUE DE APARELHOS', 'Eventual', 1200.0, NULL);
INSERT INTO custos (data, tipo, categoria, valor, periodo_referencia) VALUES ('2026-03-02', 'ESTOQUE DE APARELHOS', 'Eventual', 1599.0, NULL);
INSERT INTO custos (data, tipo, categoria, valor, periodo_referencia) VALUES ('2026-03-02', 'ESTOQUE DE APARELHOS', 'Eventual', 1599.0, NULL);
INSERT INTO custos (data, tipo, categoria, valor, periodo_referencia) VALUES ('2026-03-02', 'ESTOQUE DE APARELHOS', 'Eventual', 1599.0, NULL);
INSERT INTO custos (data, tipo, categoria, valor, periodo_referencia) VALUES ('2026-03-12', 'ESTOQUE DE APARELHOS', 'Eventual', 8266.0, NULL);
INSERT INTO custos (data, tipo, categoria, valor, periodo_referencia) VALUES ('2026-03-13', 'ESTOQUE DE APARELHOS', 'Eventual', 3290.0, NULL);
INSERT INTO custos (data, tipo, categoria, valor, periodo_referencia) VALUES ('2026-03-14', 'ESTOQUE DE APARELHOS', 'Eventual', 24659.0, NULL);

-- ------------------------------------------------------------
-- 6. VENDAS (11 registros)
-- ------------------------------------------------------------

INSERT INTO vendas (id_venda, tipo_venda, data_venda, cliente_nome, cliente_cpf, cliente_telefone, cliente_endereco, cliente_cidade, aparelhos_codigos, aparelhos_descricao, qtd_aparelhos, acessorios_codigos, acessorios_descricao, qtd_acessorios, custo_aparelhos, custo_acessorios, preco_venda, lucro_venda, valor_total_pago, taxa_total, pagamentos, troca_info, observacao, pdf_link) VALUES ('VRMMXVY1ZS', 'RECIBO', '2026-03-02', 'Genilmar Soares de Souza', '790.524.101-78', '62 8318-9172', 'Rua corcovado quadra 61 lote 27', 'Goiania/GO', 'AP038-001', 'Poco X7 512GB PRETO', 1, 'AC005', '1x Cabo', 1, 1599.0, 7.0, 1700.0, 94.0, 1700.0, 0.0, 'PIX: R$ 1700.00', NULL, 'IMEI 869507070815463', 'https://drive.google.com/file/d/1W5Q9011x7KLutOJjqKYXRT8ajT19dV0w/view?usp=drivesdk') ON CONFLICT (id_venda) DO NOTHING;
INSERT INTO vendas (id_venda, tipo_venda, data_venda, cliente_nome, cliente_cpf, cliente_telefone, cliente_endereco, cliente_cidade, aparelhos_codigos, aparelhos_descricao, qtd_aparelhos, acessorios_codigos, acessorios_descricao, qtd_acessorios, custo_aparelhos, custo_acessorios, preco_venda, lucro_venda, valor_total_pago, taxa_total, pagamentos, troca_info, observacao, pdf_link) VALUES ('VRMMXWJSGT', 'RECIBO', '2026-03-17', 'Anne Andrade', '067.367.745-19', '74 9943-7270', 'condomínio Lago Azul 2 ( rua amar marra Castro, qd 47 lt 01/50, bloco 7 apto 301, loteamento água azul- parque dos buritis', 'Goiania/GO', 'AP035-001', 'Xiaomi NOTE 14 PRO 5G 512GB PRETO', 1, 'AC104', '1x Capinha', 1, 1850.0, 3.0, 2551.0, 480.4, 2551.0, 217.6, 'Credito 6x: R$ 2551.00', NULL, 'IMEI 863605077415844', 'https://drive.google.com/file/d/1eLfva7pEgd7fASITl4noKRHbAuFs1Viu/view?usp=drivesdk') ON CONFLICT (id_venda) DO NOTHING;
INSERT INTO vendas (id_venda, tipo_venda, data_venda, cliente_nome, cliente_cpf, cliente_telefone, cliente_endereco, cliente_cidade, aparelhos_codigos, aparelhos_descricao, qtd_aparelhos, acessorios_codigos, acessorios_descricao, qtd_acessorios, custo_aparelhos, custo_acessorios, preco_venda, lucro_venda, valor_total_pago, taxa_total, pagamentos, troca_info, observacao, pdf_link) VALUES ('VRMMXWRGVU', 'RECIBO', '2026-03-09', 'Wister de Souza Misseno', '015.099.661-61', '62 9635-6510', 'Av Anápolis quadra 16 Lote 09 parque industrial de Goiânia', 'Goiania/GO', 'AP003-002', 'Xiaomi 15T PRO 512GB CINZA', 1, 'AC001', '1x Carregador', 1, 4250.0, 11.0, 4641.0, 301.57, 4641.0, 78.43, 'Debito: R$ 4641.00', NULL, 'IMEI 864724075953307', 'https://drive.google.com/file/d/127ScMpOzqbxKfQynZlnhGjsqAilfYYKE/view?usp=drivesdk') ON CONFLICT (id_venda) DO NOTHING;
INSERT INTO vendas (id_venda, tipo_venda, data_venda, cliente_nome, cliente_cpf, cliente_telefone, cliente_endereco, cliente_cidade, aparelhos_codigos, aparelhos_descricao, qtd_aparelhos, acessorios_codigos, acessorios_descricao, qtd_acessorios, custo_aparelhos, custo_acessorios, preco_venda, lucro_venda, valor_total_pago, taxa_total, pagamentos, troca_info, observacao, pdf_link) VALUES ('VRMN6OWG4F', 'RECIBO', '2026-03-19', 'Genilmar Soares de Souza', '790.524.101-78', '62 8318-9172', 'Rua corcovado quadra 61 lote 27', 'aparecida de goiania/GO', 'AP023-003', 'Xiaomi NOTE 15 256GB PRETO', 1, 'AC081', '1x Capinha', 1, 1150.0, 3.0, 1299.0, 146.0, 1299.0, 0.0, 'PIX: R$ 1299.00', NULL, NULL, 'https://drive.google.com/file/d/1ZvmF3U673VdzZzai3-ccqL9_FJh1H_pm/view?usp=drivesdk') ON CONFLICT (id_venda) DO NOTHING;
INSERT INTO vendas (id_venda, tipo_venda, data_venda, cliente_nome, cliente_cpf, cliente_telefone, cliente_endereco, cliente_cidade, aparelhos_codigos, aparelhos_descricao, qtd_aparelhos, acessorios_codigos, acessorios_descricao, qtd_acessorios, custo_aparelhos, custo_acessorios, preco_venda, lucro_venda, valor_total_pago, taxa_total, pagamentos, troca_info, observacao, pdf_link) VALUES ('VRMN6PCMV6', 'RECIBO', '2026-03-25', 'Rafael Vinícius de Oliveira Bessa', '049.698.961-86', '62 9193-6037', 'rua 37 n 495 vila Emanuel', 'TRINDADE/GO', 'AP015-002', 'Xiaomi NOTE 15 PRO 4G 256GB AZUL', 1, 'AC005', '1x Cabo', 1, 1470.0, 7.0, 1808.0, 193.84, 1808.0, 137.16, 'PIX: R$ 200.00 | Credito 6x: R$ 1608.00', NULL, 'ENTREGA REALIZADA EM GOIANIA', 'https://drive.google.com/file/d/1E4u2dv31oyBu4laPph7Cxvbpvc_ID2t0/view?usp=drivesdk') ON CONFLICT (id_venda) DO NOTHING;
INSERT INTO vendas (id_venda, tipo_venda, data_venda, cliente_nome, cliente_cpf, cliente_telefone, cliente_endereco, cliente_cidade, aparelhos_codigos, aparelhos_descricao, qtd_aparelhos, acessorios_codigos, acessorios_descricao, qtd_acessorios, custo_aparelhos, custo_acessorios, preco_venda, lucro_venda, valor_total_pago, taxa_total, pagamentos, troca_info, observacao, pdf_link) VALUES ('VRMN6PPXHF', 'RECIBO', '2026-03-25', 'Thays Narciso de Sousa de Aguiar Netto', '734.891.741-00', '62 9264-7374', 'Av. T-2 Qd. 76 Lt. 18 N 803 - Setor Bueno, CEP: 74.210-010', 'Goiania/GO', 'AP007-001', 'Xiaomi NOTE 15 PRO 5G 256GB PRETO', 1, 'AC096 | AC082', '1x Capinha | 1x Capinha', 2, 1770.0, 6.0, 2232.0, 172.78, 2252.0, 303.22, 'Credito 12x: R$ 2232.00 | Credito 1x: R$ 20.00', NULL, 'IMEI 860548076832325', 'https://drive.google.com/file/d/17QuIJAbAhgTDoW36JLZwpOsB1lYN8Um3/view?usp=drivesdk') ON CONFLICT (id_venda) DO NOTHING;
INSERT INTO vendas (id_venda, tipo_venda, data_venda, cliente_nome, cliente_cpf, cliente_telefone, cliente_endereco, cliente_cidade, aparelhos_codigos, aparelhos_descricao, qtd_aparelhos, acessorios_codigos, acessorios_descricao, qtd_acessorios, custo_aparelhos, custo_acessorios, preco_venda, lucro_venda, valor_total_pago, taxa_total, pagamentos, troca_info, observacao, pdf_link) VALUES ('VRMN6Q30ND', 'RECIBO', '2026-03-24', 'RENAN GABRIEL DA SILVA', '700.233.561-02', '62 8488-3422', 'AV napoli N 500 Plaza doro office sala 305 Residencial Eldorado', 'Goiania/GO', 'AP036-002', 'Apple 17 PRO MAX  256GB SILVER', 1, 'AC004 | AC034 | AC076', '1x Carregador | 1x Película 3D | 1x Capinha', 3, 8250.0, 21.0, 8599.0, 328.0, 8599.0, 0.0, 'PIX: R$ 7599.00 | TROCA: R$ 1000.00', 'Apple 12 PRO 128GB PRETO - R$ 1000.00 (TRASEIRA TRINCADA AUTO FALANTE COM DEFEITO BATERIA 76%)', 'IMEI 358434700732513', 'https://drive.google.com/file/d/1vDWTnetwKLcrGMzkXdnS6moUuoUyx5DH/view?usp=drivesdk') ON CONFLICT (id_venda) DO NOTHING;
INSERT INTO vendas (id_venda, tipo_venda, data_venda, cliente_nome, cliente_cpf, cliente_telefone, cliente_endereco, cliente_cidade, aparelhos_codigos, aparelhos_descricao, qtd_aparelhos, acessorios_codigos, acessorios_descricao, qtd_acessorios, custo_aparelhos, custo_acessorios, preco_venda, lucro_venda, valor_total_pago, taxa_total, pagamentos, troca_info, observacao, pdf_link) VALUES ('VRMN6QEBRN', 'RECIBO', '2026-03-10', 'Luiz Vitor de Sousa Ferreira', '004.640.811-81', '64 9618-0724', 'Rua Getulio Artiaga Qd C Lt 80', 'Parauna/GO', 'AP016-001', 'Redmi REDMI 15 256GB CINZA', 1, 'AC080', '1x Capinha', 1, 865.0, 3.0, 1182.0, 171.69, 1182.0, 142.31, 'Credito 10x: R$ 1182.00', NULL, NULL, 'https://drive.google.com/file/d/1mL8iEutdLyAVOTY2AccE7Habb7nvznQm/view?usp=drivesdk') ON CONFLICT (id_venda) DO NOTHING;
INSERT INTO vendas (id_venda, tipo_venda, data_venda, cliente_nome, cliente_cpf, cliente_telefone, cliente_endereco, cliente_cidade, aparelhos_codigos, aparelhos_descricao, qtd_aparelhos, acessorios_codigos, acessorios_descricao, qtd_acessorios, custo_aparelhos, custo_acessorios, preco_venda, lucro_venda, valor_total_pago, taxa_total, pagamentos, troca_info, observacao, pdf_link) VALUES ('VRMN6QL5JF', 'RECIBO', '2026-03-24', 'Aldo do nascimento Silva', '020.016.855-05', '62 8236-1935', 'Rua São Paulo QD 05 LT 02 Setor dos estados', 'aparecida de goiania/GO', 'AP008-004', 'Redmi 15C 256GB PRETO', 1, 'AC079', '1x Capinha', 1, 820.0, 3.0, 850.0, 27.0, 850.0, 0.0, 'Dinheiro: R$ 850.00', NULL, 'IMEI 860539070154725', 'https://drive.google.com/file/d/1iycRULJfEFtVCFGPlfane9EiiKhuaEjI/view?usp=drivesdk') ON CONFLICT (id_venda) DO NOTHING;
INSERT INTO vendas (id_venda, tipo_venda, data_venda, cliente_nome, cliente_cpf, cliente_telefone, cliente_endereco, cliente_cidade, aparelhos_codigos, aparelhos_descricao, qtd_aparelhos, acessorios_codigos, acessorios_descricao, qtd_acessorios, custo_aparelhos, custo_acessorios, preco_venda, lucro_venda, valor_total_pago, taxa_total, pagamentos, troca_info, observacao, pdf_link) VALUES ('VRMN6QYS39', 'RECIBO', '2026-03-23', 'Alexandre Cardoso Carvalho', '047.916.411-83', '62 9360-6925', 'Av C Qd 02 Lt 29 Pq Ibirapuera , CEP: 74960565', 'aparecida de goiania/GO', 'AP008-003 | AP005-002', 'Redmi 15C 256GB PRETO | Redmi A5 128GB PRETO', 2, 'AC018', '2x Fone com fio', 2, 1375.0, 5.0, 1548.0, 168.0, 1548.0, 0.0, 'PIX: R$ 1548.00', NULL, NULL, 'https://drive.google.com/file/d/1w_4tXUNzc7WSfywDNgUivIJj0Gjs-mwv/view?usp=drivesdk') ON CONFLICT (id_venda) DO NOTHING;
INSERT INTO vendas (id_venda, tipo_venda, data_venda, cliente_nome, cliente_cpf, cliente_telefone, cliente_endereco, cliente_cidade, aparelhos_codigos, aparelhos_descricao, qtd_aparelhos, acessorios_codigos, acessorios_descricao, qtd_acessorios, custo_aparelhos, custo_acessorios, preco_venda, lucro_venda, valor_total_pago, taxa_total, pagamentos, troca_info, observacao, pdf_link) VALUES ('VRMN6R8Y33', 'RECIBO', '2026-03-17', 'Cristiane Silva de Abreu', '048.578.051-89', '62 9458-4825', 'Rua SC19 QD 30 Lt 03 Sao Carlos', 'Goiania/GO', 'AP034-002', 'Poco X7 PRO  256GB VERDE', 1, 'AC084', '1x Capinha', 1, 1900.0, 3.0, 1989.0, 9.15, 1989.0, 76.85, 'PIX: R$ 1000.00 | Credito 5x: R$ 989.00', NULL, 'IMEI 869471081588728', 'https://drive.google.com/file/d/1ammWIAofeK5xBjfJg6SvCFDgXz9elHPw/view?usp=drivesdk') ON CONFLICT (id_venda) DO NOTHING;

-- ============================================================
-- FIM DA IMPORTAÇÃO
-- ============================================================